private_km_per_week,public_km_per_week,electricity_per_month_kwh,uses_renewable_energy,short_flights_per_year,long_flights_per_year,recycles_regularly,waste_kg_per_week,household_size,annual_carbon_footprint_tonnes,fuel_type_Diesel,fuel_type_Electric,fuel_type_Petrol,meat_frequency_Monthly,meat_frequency_Never,meat_frequency_Weekly,dairy_frequency_Never,dairy_frequency_Occasionally,dairy_frequency_Weekly,clothing_shopping_freq_Never,clothing_shopping_freq_Quarterly,clothing_shopping_freq_Rarely,electronics_shopping_freq_Never,electronics_shopping_freq_Rarely,electronics_shopping_freq_Yearly,home_type_Bungalow,home_type_Independent,home_type_Rented Room
315.0,223,576.0,0,6,1,1,10.46,2,0.11,0,1,0,1,0,0,0,0,0,0,1,0,1,0,0,0,1,0
278.0,292,50.0,1,1,4,1,9.21,3,0.07,0,1,0,0,0,1,0,0,1,1,0,0,0,0,0,0,0,0
35.0,266,654.0,0,3,4,1,14.43,4,0.1,0,0,0,1,0,0,0,1,0,1,0,0,0,1,0,0,1,0
160.0,246,784.0,1,7,0,1,16.25,7,0.12,0,0,1,0,0,0,0,1,0,0,0,0,0,1,0,0,0,1
88.0,48,299.0,0,6,3,0,5.38,6,0.06,1,0,0,0,0,1,0,0,1,0,0,1,0,1,0,0,1,0
369.0,140,282.0,1,8,0,0,14.76,3,0.09,0,1,0,0,0,0,0,1,0,0,0,0,0,0,1,0,0,1
447.0,197,663.0,1,0,4,1,9.81,7,0.16,1,0,0,0,0,1,0,0,0,0,0,0,0,1,0,0,0,1
313.0,238,489.0,0,7,2,1,13.76,6,0.14,0,0,0,0,0,1,0,0,0,1,0,0,0,1,0,0,0,1
454.0,217,158.0,0,2,1,1,11.69,6,0.14,0,0,0,0,0,1,0,0,1,0,0,0,0,0,1,1,0,0
276.0,194,678.0,0,1,2,1,2.73,7,0.09,0,1,0,0,0,1,1,0,0,0,0,1,0,1,0,0,0,1
491.0,76,436.94421052631577,0,1,1,1,2.29,4,0.17,1,0,0,0,1,0,0,0,1,0,1,0,1,0,0,0,0,1
52.0,71,237.0,1,0,0,1,4.31,5,0.04,1,0,0,1,0,0,1,0,0,0,1,0,0,0,0,1,0,0
256.0,171,272.0,1,0,1,1,14.48,3,0.1,0,0,1,1,0,0,0,0,0,1,0,0,1,0,0,0,0,1
483.0,67,709.0,1,3,2,1,13.87,6,0.15,0,0,1,0,0,1,0,1,0,1,0,0,0,0,1,1,0,0
248.90947368421052,147,745.0,0,9,4,1,9.63,2,0.15,0,0,1,0,0,1,0,0,1,0,0,0,0,1,0,1,0,0
232.0,257,436.94421052631577,1,8,3,0,9.82,5,0.1,1,0,0,0,0,0,0,1,0,1,0,0,0,1,0,0,0,1
246.0,76,722.0,0,7,2,1,4.23,3,0.11,0,0,1,0,0,1,0,1,0,1,0,0,1,0,0,0,0,0
202.0,76,287.0,1,6,1,0,8.86,3,0.08,1,0,0,0,0,1,0,0,0,0,0,0,0,1,0,1,0,0
46.0,139,596.0,0,5,1,1,10.58,6,0.09,1,0,0,0,1,0,0,1,0,1,0,0,1,0,0,1,0,0
248.90947368421052,283,268.0,0,3,4,1,10.22,5,0.14,0,0,1,0,0,0,0,0,1,1,0,0,0,0,0,0,0,1
217.0,159,167.0,1,3,3,1,14.35,1,0.09,0,0,0,1,0,0,0,0,0,0,1,0,0,1,0,0,1,0
416.0,27,68.0,0,0,0,1,3.76,2,0.11,1,0,0,0,0,0,0,1,0,1,0,0,1,0,0,0,1,0
248.90947368421052,235,425.0,0,0,2,0,10.48,7,0.11,0,0,1,0,0,1,1,0,0,0,1,0,1,0,0,0,0,0
297.0,58,526.0,0,9,2,0,16.4,1,0.14,0,0,0,0,0,1,0,0,0,1,0,0,0,0,0,0,0,1
19.0,264,281.0,0,4,1,1,5.79,4,0.05,0,0,1,0,1,0,0,1,0,0,0,0,0,1,0,0,0,1
379.0,135,244.0,0,1,3,0,18.93,2,0.15,0,0,0,0,0,0,0,1,0,1,0,0,0,0,0,0,1,0
384.0,3,436.94421052631577,0,1,1,1,6.88,4,0.12,0,0,1,0,0,0,0,0,1,0,0,1,1,0,0,0,0,0
289.0,145,494.0,1,5,1,1,4.73,6,0.1,1,0,0,1,0,0,0,0,1,0,1,0,1,0,0,0,0,1
147.0,86,732.0,0,1,4,0,10.84,6,0.09,0,1,0,0,1,0,1,0,0,0,0,1,0,1,0,0,0,0
336.0,65,493.0,0,7,2,0,10.61,2,0.13,0,0,0,1,0,0,1,0,0,0,1,0,0,1,0,1,0,0
280.0,288,176.0,0,3,4,1,6.26,4,0.1,0,0,1,0,0,0,0,0,1,0,0,1,0,1,0,0,1,0
162.0,144,500.0,0,7,1,1,10.72,6,0.1,0,0,0,0,0,1,0,0,0,1,0,0,0,0,0,0,0,1
414.0,287,314.0,0,4,1,1,3.5,4,0.1,0,1,0,0,1,0,0,1,0,0,1,0,0,1,0,0,1,0
143.0,230,153.0,1,9,4,0,11.96,4,0.06,0,1,0,0,1,0,0,0,1,0,0,0,0,1,0,0,0,0
67.0,163,582.0,0,9,2,1,8.37,7,0.07,0,1,0,0,1,0,0,0,0,1,0,0,0,0,0,0,0,0
276.0,157,393.0,0,4,4,0,12.12,1,0.1,0,1,0,0,1,0,0,0,1,0,0,1,0,1,0,0,0,0
65.0,270,642.0,0,1,4,1,11.42,7,0.11,1,0,0,0,1,0,1,0,0,0,0,0,0,0,0,0,0,1
146.0,219,578.0,1,4,3,1,6.4,1,0.08,0,0,1,0,1,0,1,0,0,0,1,0,0,0,0,0,0,1
452.0,49,275.0,0,0,2,1,14.93,4,0.16,1,0,0,0,1,0,0,0,0,1,0,0,0,0,1,0,0,0
406.0,250,779.0,0,0,1,1,15.92,5,0.15,0,1,0,0,0,0,0,0,0,0,0,1,1,0,0,0,0,1
85.0,41,133.0,1,1,3,0,19.5,2,0.07,0,0,1,0,0,1,0,0,1,0,1,0,0,1,0,1,0,0
348.0,77,373.0,1,4,1,0,8.57,6,0.08,0,1,0,0,0,1,0,1,0,0,1,0,1,0,0,0,0,0
248.90947368421052,78,710.0,0,3,0,1,11.86,1,0.1,1,0,0,0,0,0,0,0,0,0,1,0,0,0,1,1,0,0
262.0,201,421.0,1,6,1,0,9.9,5,0.11,1,0,0,0,0,1,0,0,1,0,0,0,1,0,0,0,1,0
146.0,187,582.0,0,6,3,0,1.29,1,0.09,1,0,0,0,0,0,0,0,1,1,0,0,1,0,0,1,0,0
248.90947368421052,183,330.0,0,1,3,1,9.89,6,0.09,0,1,0,0,1,0,0,1,0,1,0,0,0,0,1,0,1,0
173.0,172,631.0,1,7,2,1,14.69,5,0.08,0,1,0,0,1,0,0,0,1,1,0,0,0,0,1,0,0,1
455.0,144,343.0,0,5,1,1,5.9,6,0.14,0,0,1,0,1,0,0,1,0,0,0,1,0,0,1,0,0,1
384.0,45,553.0,1,4,0,0,3.22,6,0.1,0,0,1,1,0,0,0,1,0,0,0,1,1,0,0,0,0,0
129.0,85,57.0,0,7,3,1,3.48,3,0.05,0,0,1,0,0,1,0,0,1,0,1,0,1,0,0,0,0,0
228.0,151,382.0,0,1,1,1,2.71,5,0.08,0,0,1,0,1,0,0,1,0,1,0,0,0,0,1,0,0,1
36.0,237,173.0,1,2,1,0,18.34,6,0.07,0,0,1,1,0,0,1,0,0,1,0,0,1,0,0,0,0,0
20.0,60,777.0,0,9,3,1,2.25,4,0.07,1,0,0,0,0,1,1,0,0,0,1,0,0,0,1,1,0,0
188.0,149,719.0,0,5,4,0,10.94,6,0.12,0,0,0,0,1,0,0,0,1,0,0,1,1,0,0,0,0,1
325.0,177,668.0,0,2,2,0,19.18,7,0.13,0,1,0,1,0,0,0,1,0,0,1,0,0,0,0,0,1,0
466.0,13,280.0,1,3,1,1,11.15,7,0.12,0,0,1,0,0,1,0,0,0,0,0,1,0,1,0,1,0,0
120.0,11,193.0,1,2,2,1,5.31,7,0.04,0,1,0,1,0,0,1,0,0,0,1,0,0,0,0,1,0,0
351.0,11,318.0,1,4,1,0,6.36,5,0.1,1,0,0,0,0,0,0,0,1,0,0,0,0,0,0,0,1,0
167.0,120,436.94421052631577,1,9,0,1,14.92,7,0.1,0,0,0,0,0,0,1,0,0,0,0,1,0,1,0,0,1,0
387.0,8,399.0,0,4,0,1,7.83,5,0.14,1,0,0,0,0,0,0,0,0,1,0,0,0,1,0,0,0,0
435.0,102,160.0,0,6,0,0,18.66,1,0.17,1,0,0,0,1,0,0,0,0,0,0,0,0,1,0,0,0,1
130.0,187,582.0,0,1,4,0,8.52,2,0.1,1,0,0,0,1,0,0,1,0,1,0,0,0,0,0,0,0,0
239.0,261,535.0,0,3,2,0,14.2,3,0.11,0,1,0,0,0,0,0,0,0,1,0,0,0,1,0,1,0,0
98.0,222,447.0,1,3,4,1,17.36,4,0.09,0,0,0,0,1,0,0,0,1,0,0,0,0,0,0,1,0,0
133.0,129,77.0,1,7,3,0,1.98,1,0.04,1,0,0,1,0,0,0,1,0,1,0,0,0,0,0,0,1,0
276.0,250,636.0,0,5,4,1,16.5,2,0.15,0,0,1,1,0,0,0,0,1,0,0,1,0,0,1,0,1,0
185.0,280,136.0,0,7,1,0,2.65,4,0.08,1,0,0,1,0,0,1,0,0,0,0,1,0,0,0,0,0,0
245.0,148,436.94421052631577,1,2,1,0,14.05,2,0.1,0,0,0,0,0,1,0,0,1,0,1,0,0,0,1,0,1,0
319.0,192,632.0,1,2,2,1,8.18,5,0.09,0,1,0,1,0,0,0,0,1,0,0,1,0,0,1,0,0,0
343.0,209,258.0,1,2,2,1,10.14,4,0.11,0,0,1,0,0,1,0,0,0,0,0,1,0,0,1,1,0,0
373.0,152,436.94421052631577,0,2,3,0,12.2,2,0.11,0,1,0,0,1,0,0,1,0,1,0,0,0,1,0,0,0,1
3.0,11,324.0,1,7,2,0,17.1,6,0.06,0,0,1,0,1,0,0,0,1,1,0,0,0,1,0,0,0,1
270.0,136,532.0,0,6,2,0,8.1,2,0.13,1,0,0,0,0,0,0,0,1,0,1,0,0,1,0,0,0,1
400.0,212,233.0,0,6,2,1,2.51,7,0.11,0,0,1,0,1,0,0,0,1,0,0,0,0,0,1,0,0,1
313.0,276,622.0,0,6,4,0,6.01,4,0.11,0,1,0,0,1,0,0,0,1,1,0,0,1,0,0,0,1,0
284.0,166,786.0,0,8,2,1,15.68,1,0.16,0,0,0,0,0,1,0,1,0,0,1,0,0,1,0,0,1,0
252.0,192,271.0,1,9,3,1,2.86,5,0.08,1,0,0,0,0,1,0,0,0,0,1,0,0,0,1,0,0,1
315.0,125,499.0,0,3,1,0,6.49,6,0.12,0,0,1,0,0,1,0,0,0,0,1,0,0,0,1,0,0,0
249.0,26,399.0,0,1,4,1,10.13,4,0.11,0,0,1,0,0,0,1,0,0,0,1,0,0,0,1,0,1,0
354.0,64,381.0,1,3,0,1,3.96,5,0.1,1,0,0,0,0,1,0,1,0,0,1,0,0,0,1,1,0,0
356.0,235,160.0,0,7,4,1,11.95,2,0.13,0,0,0,1,0,0,1,0,0,1,0,0,0,1,0,0,0,0
89.0,17,407.0,1,8,1,1,14.34,2,0.07,0,0,0,0,0,1,0,0,0,0,0,0,0,1,0,0,0,1
81.0,170,102.0,0,8,2,1,17.38,5,0.09,1,0,0,0,0,0,0,1,0,0,0,1,0,0,1,0,1,0
479.0,158,185.0,0,4,0,1,17.06,1,0.16,0,0,1,0,0,0,0,1,0,0,0,0,0,0,0,0,1,0
353.0,299,125.0,0,5,2,0,3.73,3,0.12,1,0,0,0,1,0,0,0,0,1,0,0,0,0,1,0,0,1
44.0,156,622.0,1,3,1,1,7.03,3,0.07,1,0,0,1,0,0,0,0,1,0,0,0,0,1,0,0,1,0
375.0,290,674.0,0,0,4,0,7.33,2,0.12,0,1,0,0,0,1,0,1,0,0,0,1,0,0,1,1,0,0
223.0,128,227.0,0,4,1,1,10.14,6,0.1,1,0,0,0,0,1,0,0,0,1,0,0,0,0,0,0,0,0
301.0,37,470.0,0,1,1,0,14.11,2,0.1,0,1,0,0,0,1,0,1,0,0,0,1,0,0,1,1,0,0
289.0,199,468.0,0,5,3,1,15.59,1,0.11,0,1,0,1,0,0,1,0,0,0,0,0,0,0,0,0,0,1
474.0,244,181.0,0,6,1,1,2.8,6,0.13,0,0,1,0,1,0,1,0,0,0,0,0,0,0,0,0,1,0
248.90947368421052,57,563.0,0,4,4,1,9.3,6,0.11,1,0,0,1,0,0,0,0,1,0,0,1,0,1,0,0,0,0
279.0,219,317.0,0,9,2,1,6.49,2,0.12,1,0,0,0,1,0,0,1,0,0,0,0,0,0,0,0,0,1
416.0,247,436.94421052631577,1,2,2,1,1.36,3,0.1,1,0,0,0,0,1,0,0,0,0,1,0,0,0,1,0,1,0
200.0,21,616.0,0,6,4,1,16.41,4,0.13,0,0,0,0,0,1,1,0,0,0,0,0,0,1,0,0,1,0
13.0,198,211.0,0,3,4,0,3.41,5,0.04,1,0,0,0,0,0,0,0,0,0,0,1,1,0,0,0,0,1
248.90947368421052,241,534.0,0,0,3,0,19.27,1,0.14,0,0,0,0,0,0,0,0,0,0,1,0,1,0,0,1,0,0
241.0,51,719.0,0,5,3,1,2.11,2,0.08,0,1,0,0,0,1,1,0,0,0,0,1,1,0,0,0,0,0
415.0,217,757.0,0,6,1,1,4.06,2,0.15,0,0,0,0,0,1,0,1,0,0,1,0,0,0,0,1,0,0
450.0,296,436.94421052631577,1,3,4,1,6.6,5,0.12,0,0,0,0,1,0,0,0,1,0,1,0,0,1,0,0,0,1
112.0,8,262.0,1,6,0,1,12.08,1,0.06,0,0,0,0,1,0,0,0,0,0,0,0,1,0,0,0,1,0
461.0,136,173.0,1,5,4,1,12.23,7,0.14,1,0,0,0,0,0,0,0,0,0,0,1,1,0,0,1,0,0
302.0,190,80.0,0,2,3,1,18.01,4,0.12,0,0,0,0,1,0,0,0,1,0,0,1,1,0,0,0,0,1
433.0,81,694.0,0,8,0,1,2.74,2,0.14,0,0,1,0,1,0,0,0,1,1,0,0,1,0,0,0,0,1
438.0,232,608.0,0,4,2,0,13.17,5,0.17,0,0,0,0,1,0,0,0,1,0,1,0,0,0,1,0,0,0
248.90947368421052,67,154.0,0,3,1,0,13.52,2,0.16,1,0,0,1,0,0,1,0,0,0,1,0,0,0,1,1,0,0
371.0,121,436.0,0,0,1,0,17.31,3,0.15,0,0,0,0,1,0,0,0,1,0,1,0,0,0,0,0,0,1
320.0,232,753.0,0,8,3,0,6.63,7,0.14,0,0,1,0,1,0,0,1,0,0,0,0,0,0,1,0,0,0
272.0,158,494.0,0,3,3,1,9.36,4,0.1,0,1,0,0,0,1,0,1,0,0,1,0,0,1,0,1,0,0
246.0,224,121.0,1,6,0,0,9.55,2,0.06,0,1,0,0,1,0,0,0,0,0,0,0,1,0,0,0,1,0
241.0,199,529.0,0,6,2,1,6.18,5,0.11,0,0,0,0,0,1,0,0,0,0,0,0,0,1,0,1,0,0
99.0,229,317.0,1,1,4,1,8.88,1,0.07,0,0,0,1,0,0,0,0,1,0,0,1,1,0,0,0,0,0
445.0,88,309.0,0,7,2,1,14.49,4,0.12,0,1,0,0,1,0,0,0,0,0,0,0,0,1,0,0,0,1
389.0,19,162.0,1,1,3,1,12.2,1,0.08,0,1,0,0,0,0,0,1,0,1,0,0,0,0,0,0,1,0
387.0,61,104.0,0,6,1,0,8.17,5,0.12,1,0,0,0,0,0,0,0,1,0,0,0,1,0,0,0,0,0
282.0,182,797.0,1,7,0,0,11.52,1,0.14,1,0,0,0,0,0,0,1,0,0,0,0,0,1,0,0,0,1
382.0,86,326.0,0,9,4,1,19.94,2,0.16,0,0,1,0,0,0,0,0,0,0,1,0,1,0,0,0,0,0
248.90947368421052,91,690.0,0,5,0,1,1.5,4,0.06,0,1,0,0,0,0,0,1,0,1,0,0,0,0,0,0,0,1
151.0,163,436.94421052631577,0,5,2,1,11.99,6,0.09,1,0,0,0,1,0,0,1,0,0,0,0,1,0,0,0,0,0
47.0,174,436.94421052631577,1,9,0,1,17.24,2,0.06,0,0,0,0,0,0,0,0,0,0,0,0,0,0,1,1,0,0
150.0,168,518.0,1,9,2,0,12.48,1,0.1,1,0,0,0,0,0,0,0,0,0,1,0,0,1,0,0,0,0
324.0,263,130.0,0,2,4,0,16.99,5,0.13,0,0,0,0,1,0,1,0,0,0,1,0,0,0,1,0,0,1
268.0,46,431.0,0,8,2,1,17.45,5,0.14,1,0,0,1,0,0,1,0,0,1,0,0,1,0,0,0,0,1
251.0,225,186.0,0,3,4,1,16.16,7,0.13,1,0,0,0,0,0,0,1,0,0,1,0,0,0,1,0,1,0
251.0,168,793.0,0,1,4,0,17.32,3,0.15,0,0,0,0,1,0,1,0,0,0,0,0,0,0,1,0,1,0
399.0,35,762.0,0,8,0,1,18.02,2,0.18,0,0,1,1,0,0,1,0,0,0,1,0,0,0,1,0,0,0
141.0,220,228.0,0,4,3,1,5.07,5,0.06,0,1,0,1,0,0,1,0,0,1,0,0,1,0,0,0,1,0
480.0,244,776.0,0,9,3,1,9.94,1,0.18,0,0,1,0,1,0,0,0,0,0,1,0,0,1,0,0,0,0
395.0,151,68.0,0,7,2,1,10.59,1,0.14,1,0,0,0,0,0,0,0,0,1,0,0,1,0,0,1,0,0
135.0,215,687.0,1,3,2,0,10.68,6,0.09,0,0,1,1,0,0,0,0,0,0,1,0,1,0,0,1,0,0
38.0,62,713.0,1,4,1,0,16.66,7,0.09,1,0,0,0,0,0,1,0,0,0,0,0,0,1,0,0,1,0
248.90947368421052,128,350.0,1,5,0,1,8.06,6,0.12,0,0,0,0,1,0,1,0,0,1,0,0,0,0,1,0,0,0
248.90947368421052,24,174.0,1,4,0,1,10.38,2,0.12,1,0,0,1,0,0,0,0,1,0,0,1,0,0,0,0,0,0
47.0,157,269.0,1,4,3,0,1.54,2,0.04,1,0,0,1,0,0,1,0,0,0,0,0,0,0,0,0,0,1
469.0,122,675.0,0,5,0,1,13.8,5,0.14,0,1,0,1,0,0,1,0,0,0,0,0,0,0,0,0,0,0
345.0,126,624.0,0,0,2,1,10.88,3,0.16,1,0,0,1,0,0,1,0,0,0,1,0,0,0,0,0,0,0
445.0,141,237.0,0,8,2,1,7.93,1,0.11,0,1,0,1,0,0,0,0,1,1,0,0,0,0,0,0,0,1
143.0,272,404.0,0,5,3,0,15.07,7,0.09,0,1,0,1,0,0,0,0,1,1,0,0,0,0,1,0,0,1
462.0,45,581.0,0,5,2,0,15.98,7,0.14,0,1,0,0,0,1,0,0,1,0,0,1,1,0,0,0,1,0
80.0,31,146.0,0,1,0,1,1.91,4,0.03,0,0,1,0,0,0,0,1,0,0,0,0,0,1,0,0,1,0
421.0,50,419.0,1,0,1,0,7.01,4,0.11,0,0,0,0,0,0,0,0,1,0,1,0,0,0,0,0,0,0
14.0,241,436.94421052631577,0,3,4,0,2.24,7,0.06,0,0,1,1,0,0,1,0,0,0,0,1,0,0,0,1,0,0
248.90947368421052,171,667.0,1,7,4,0,5.18,2,0.11,0,0,1,1,0,0,0,1,0,0,0,1,0,0,0,0,1,0
356.0,129,727.0,0,0,3,0,15.51,5,0.16,0,0,1,1,0,0,0,0,0,0,0,1,1,0,0,0,0,0
190.0,231,106.0,0,5,2,0,3.04,2,0.07,0,0,0,1,0,0,0,0,0,0,1,0,0,1,0,0,0,1
186.0,284,539.0,0,6,1,1,13.29,6,0.13,1,0,0,1,0,0,0,0,0,0,0,1,0,0,1,1,0,0
34.0,45,277.0,0,1,1,1,8.95,4,0.05,0,0,1,0,0,0,0,0,1,1,0,0,0,0,0,0,0,0
274.0,59,378.0,0,3,2,1,6.72,2,0.1,0,0,0,1,0,0,1,0,0,1,0,0,0,1,0,0,0,0
219.0,266,650.0,0,4,1,0,11.86,3,0.14,1,0,0,0,1,0,1,0,0,1,0,0,0,0,1,1,0,0
343.0,236,631.0,0,4,4,0,12.19,6,0.15,0,0,0,1,0,0,0,1,0,0,0,1,1,0,0,0,0,0
287.0,270,541.0,0,9,2,1,16.35,1,0.15,0,0,0,0,1,0,1,0,0,0,0,1,1,0,0,1,0,0
130.0,72,565.0,0,1,1,1,7.02,4,0.08,0,0,0,1,0,0,1,0,0,0,0,1,1,0,0,0,0,1
216.0,89,679.0,0,1,4,0,2.63,6,0.08,0,1,0,0,0,0,0,0,1,1,0,0,0,0,1,1,0,0
341.0,274,779.0,0,5,0,1,10.86,1,0.13,0,1,0,0,1,0,0,1,0,0,0,0,0,1,0,1,0,0
413.0,15,682.0,1,3,3,0,7.9,4,0.13,0,0,1,0,1,0,1,0,0,0,0,1,0,0,0,0,0,1
339.0,62,368.0,0,7,1,0,1.3,1,0.1,0,0,1,0,1,0,0,0,0,0,0,1,1,0,0,1,0,0
91.0,292,455.0,0,2,3,0,11.14,5,0.09,0,0,0,0,0,1,0,0,1,0,0,0,0,0,1,0,1,0
463.0,238,791.0,0,5,3,0,6.49,1,0.17,0,0,1,0,0,1,0,0,0,0,1,0,0,0,1,0,1,0
430.0,72,543.0,0,7,2,1,9.68,3,0.17,1,0,0,0,0,1,1,0,0,0,0,1,0,1,0,0,0,1
484.0,163,648.0,0,7,2,1,9.79,4,0.17,0,0,1,0,0,1,1,0,0,0,0,1,0,0,1,0,1,0
53.0,245,90.0,0,1,4,0,18.54,5,0.06,0,1,0,1,0,0,0,0,0,0,1,0,0,0,0,1,0,0
96.0,222,178.0,0,5,4,1,18.95,6,0.09,0,0,0,0,1,0,0,0,0,0,0,1,1,0,0,1,0,0
34.0,113,718.0,1,7,0,0,11.91,4,0.07,0,0,1,0,0,1,1,0,0,0,0,0,0,1,0,0,1,0
326.0,225,757.0,0,1,0,1,9.89,1,0.16,1,0,0,1,0,0,0,1,0,1,0,0,0,0,0,0,0,0
89.0,257,436.94421052631577,0,8,1,0,16.52,5,0.1,0,0,0,1,0,0,1,0,0,0,0,1,0,0,0,0,1,0
163.0,118,237.0,1,7,2,1,5.18,6,0.06,1,0,0,0,1,0,0,0,0,0,0,0,0,0,0,0,1,0
370.0,152,504.0,0,4,1,1,7.18,2,0.14,1,0,0,0,1,0,0,1,0,0,1,0,0,0,1,0,1,0
32.0,2,205.0,0,4,2,1,1.8,4,0.02,0,1,0,0,1,0,0,1,0,0,0,1,1,0,0,0,1,0
392.0,49,669.0,0,3,4,1,10.81,5,0.15,0,0,1,0,0,1,0,0,0,0,0,1,0,0,0,1,0,0
144.0,25,620.0,0,3,3,1,4.35,6,0.08,0,0,0,0,1,0,0,0,0,0,0,1,0,0,0,0,0,0
52.0,91,557.0,0,9,4,0,4.78,4,0.07,1,0,0,0,1,0,0,0,0,1,0,0,0,0,1,0,0,1
219.0,150,233.0,1,4,1,1,8.19,7,0.08,0,0,1,0,0,0,0,0,0,1,0,0,0,1,0,0,0,0
198.0,86,211.0,0,1,0,1,9.43,5,0.08,0,0,0,0,0,1,1,0,0,0,0,1,0,1,0,1,0,0
242.0,3,376.0,1,5,4,0,16.77,4,0.11,1,0,0,0,1,0,0,1,0,0,1,0,0,0,0,0,0,0
266.0,118,402.0,0,6,0,1,18.63,3,0.15,1,0,0,0,0,0,0,0,1,0,0,1,0,0,1,0,1,0
328.0,197,436.94421052631577,0,4,0,0,4.63,6,0.15,1,0,0,0,1,0,0,0,0,0,0,0,0,0,0,1,0,0
440.0,287,436.94421052631577,1,0,3,1,14.69,1,0.16,0,0,0,0,1,0,0,0,0,1,0,0,0,0,0,0,0,1
422.0,108,436.94421052631577,1,8,0,0,7.62,2,0.09,0,1,0,1,0,0,0,0,0,0,1,0,1,0,0,1,0,0
248.90947368421052,160,56.0,0,4,2,1,9.94,6,0.04,0,0,0,0,0,0,0,1,0,1,0,0,0,1,0,1,0,0
348.0,125,335.0,0,8,3,1,5.75,5,0.12,0,0,0,0,0,0,0,0,0,0,1,0,0,0,1,0,1,0
442.0,63,300.0,0,0,2,1,17.76,6,0.16,0,0,1,0,0,0,1,0,0,0,0,1,0,1,0,0,0,0
471.0,272,704.0,0,1,1,0,19.18,6,0.2,0,0,1,0,0,0,0,0,1,0,0,1,1,0,0,0,0,0
18.0,253,354.0,0,8,0,1,11.01,6,0.08,1,0,0,0,0,0,0,1,0,0,1,0,1,0,0,0,1,0
168.0,162,491.0,1,4,4,0,10.76,3,0.09,0,0,0,0,1,0,0,1,0,0,1,0,0,0,1,1,0,0
264.0,266,158.0,1,3,4,1,3.35,2,0.08,1,0,0,0,1,0,1,0,0,0,0,1,1,0,0,0,0,0
216.0,67,418.0,0,9,1,1,12.95,5,0.11,0,0,0,1,0,0,0,1,0,0,0,1,0,0,0,0,0,1
248.90947368421052,135,671.0,0,3,2,1,17.12,6,0.16,0,0,1,0,0,0,0,0,1,0,0,1,0,0,1,0,0,0
263.0,84,599.0,0,4,1,1,19.0,6,0.14,0,0,0,1,0,0,0,1,0,0,0,1,0,1,0,0,1,0
56.0,177,263.0,1,3,4,1,6.22,2,0.05,0,0,1,0,0,0,1,0,0,0,0,0,0,0,0,0,0,1
238.0,260,461.0,1,3,2,0,12.73,5,0.11,0,0,0,1,0,0,0,0,0,0,1,0,0,0,1,1,0,0
144.0,234,681.0,0,0,1,0,3.75,4,0.07,0,1,0,0,0,1,1,0,0,0,1,0,1,0,0,1,0,0
189.0,169,651.0,0,6,1,1,18.51,4,0.14,0,0,0,0,0,0,1,0,0,0,1,0,1,0,0,1,0,0
248.90947368421052,185,709.0,0,3,3,0,11.49,5,0.18,1,0,0,0,0,1,0,0,0,0,0,0,0,1,0,0,0,0
325.0,156,429.0,0,9,3,0,9.95,4,0.1,0,1,0,0,0,0,0,1,0,1,0,0,0,1,0,1,0,0
383.0,98,582.0,0,6,2,0,13.68,5,0.15,0,0,1,0,1,0,1,0,0,0,0,1,0,0,1,0,1,0
470.0,182,633.0,0,8,0,1,15.9,7,0.2,1,0,0,0,0,0,0,0,0,1,0,0,1,0,0,0,1,0
226.0,189,177.0,1,0,1,1,4.82,5,0.07,0,0,0,0,0,1,0,0,0,1,0,0,0,0,1,1,0,0
271.0,171,132.0,0,8,2,0,7.29,4,0.09,0,0,1,1,0,0,0,0,0,0,1,0,0,1,0,0,0,1
463.0,83,662.0,0,1,1,0,7.27,2,0.16,0,0,0,1,0,0,0,1,0,0,1,0,0,0,1,0,0,0
246.0,212,480.0,0,5,4,1,11.21,6,0.1,0,1,0,0,0,0,0,0,1,0,0,1,1,0,0,0,1,0
146.0,205,475.0,0,0,3,0,13.74,6,0.11,0,0,1,0,0,0,0,1,0,0,1,0,1,0,0,0,0,0
395.0,150,428.0,0,2,3,0,16.73,6,0.16,0,0,0,0,0,0,0,0,0,0,0,1,1,0,0,0,1,0
274.0,9,600.0,1,3,4,1,9.63,5,0.1,0,0,0,1,0,0,0,0,0,0,0,1,1,0,0,0,1,0
316.0,222,114.0,0,9,4,0,10.82,5,0.13,1,0,0,0,1,0,1,0,0,0,0,1,0,0,1,0,1,0
393.0,6,124.0,0,0,3,1,7.07,2,0.09,0,1,0,0,0,1,0,1,0,0,0,0,0,0,0,0,1,0
248.90947368421052,146,792.0,1,4,0,0,9.03,6,0.15,0,0,0,0,1,0,0,1,0,1,0,0,1,0,0,0,0,1
68.0,251,653.0,1,4,2,1,6.95,6,0.06,0,1,0,0,1,0,1,0,0,1,0,0,0,0,0,1,0,0
373.0,9,407.0,1,3,0,1,10.83,4,0.11,0,0,1,0,0,1,0,0,1,1,0,0,0,0,0,0,1,0
214.0,132,166.0,1,6,1,0,9.56,1,0.08,1,0,0,0,0,0,1,0,0,0,0,0,0,0,0,0,0,1
12.0,24,757.0,0,6,2,1,12.91,1,0.07,0,1,0,1,0,0,0,0,0,0,0,0,0,1,0,0,0,0
179.0,227,793.0,1,1,2,1,18.7,2,0.14,1,0,0,0,0,1,0,0,1,0,1,0,0,0,0,0,0,1
59.0,1,481.0,1,9,2,1,10.56,7,0.06,0,0,0,0,1,0,0,1,0,1,0,0,1,0,0,0,1,0
491.0,12,566.0,1,6,4,0,6.22,6,0.13,0,0,0,0,1,0,0,0,0,0,0,1,0,0,0,0,1,0
115.0,236,124.0,0,5,4,1,9.06,2,0.07,0,0,1,0,0,1,0,0,1,0,0,0,0,0,1,1,0,0
307.0,11,309.0,0,6,4,1,4.25,4,0.1,0,0,0,0,0,1,0,0,0,1,0,0,0,0,0,0,0,0
470.0,11,397.0,0,4,0,1,3.73,1,0.1,0,1,0,1,0,0,0,0,0,0,0,0,0,1,0,1,0,0
98.0,130,314.0,0,1,4,0,3.57,1,0.06,0,0,1,0,0,1,1,0,0,0,0,0,0,0,0,1,0,0
232.0,4,603.0,1,2,3,0,12.29,7,0.08,0,1,0,0,0,0,0,1,0,0,1,0,0,0,1,0,0,0
34.0,275,762.0,0,2,3,1,1.18,6,0.07,0,0,1,1,0,0,0,0,0,1,0,0,0,1,0,0,0,1
263.0,258,591.0,0,7,3,1,6.61,1,0.12,0,0,0,0,0,0,0,1,0,0,1,0,1,0,0,0,1,0
443.0,33,69.0,1,8,0,0,4.7,5,0.09,0,0,0,0,1,0,0,1,0,0,0,1,1,0,0,0,1,0
94.0,271,245.0,1,5,1,1,1.55,6,0.04,0,1,0,0,0,0,0,0,1,1,0,0,0,0,0,1,0,0
112.0,216,276.0,0,1,3,0,11.84,7,0.07,0,1,0,0,1,0,0,0,0,0,1,0,0,0,1,1,0,0
317.0,78,660.0,0,7,2,1,7.33,1,0.14,1,0,0,1,0,0,0,0,1,0,1,0,0,0,1,0,1,0
288.0,195,436.94421052631577,0,4,3,0,10.63,5,0.11,0,1,0,0,0,1,0,0,0,0,0,0,0,1,0,0,1,0
324.0,173,435.0,0,1,3,1,11.74,2,0.13,0,0,0,1,0,0,0,1,0,0,0,0,0,0,0,0,1,0
359.0,294,254.0,0,4,4,1,4.82,2,0.13,1,0,0,0,0,0,1,0,0,0,0,1,0,0,1,0,0,1
422.0,6,706.0,0,9,4,1,13.25,4,0.13,0,1,0,1,0,0,1,0,0,0,1,0,0,0,0,0,1,0
254.0,223,119.0,0,1,1,1,17.3,7,0.13,1,0,0,0,0,1,0,0,0,1,0,0,0,0,1,0,1,0
17.0,75,681.0,0,3,0,1,12.49,5,0.08,0,0,1,0,0,1,0,1,0,0,0,1,1,0,0,0,0,1
315.0,152,585.0,0,2,3,0,5.85,3,0.12,0,0,1,0,0,1,1,0,0,0,0,0,0,1,0,0,1,0
80.0,58,661.0,0,4,0,0,19.54,2,0.11,0,0,0,0,0,1,0,0,0,0,1,0,0,0,0,0,1,0
282.0,129,708.0,0,8,1,1,13.87,4,0.12,0,1,0,0,0,1,1,0,0,0,0,0,1,0,0,0,1,0
12.0,92,608.0,1,7,3,1,1.68,2,0.04,0,0,0,0,1,0,0,1,0,0,0,1,0,1,0,1,0,0
121.0,116,631.0,0,0,2,1,1.22,3,0.07,0,0,1,1,0,0,0,0,0,0,0,0,1,0,0,0,1,0
32.0,263,164.0,0,1,3,1,4.24,7,0.05,1,0,0,0,1,0,0,0,0,0,0,1,0,0,1,1,0,0
444.0,65,565.0,0,0,1,0,8.56,1,0.12,0,1,0,1,0,0,0,1,0,0,0,1,0,0,1,0,1,0
15.0,290,343.0,0,3,0,1,7.5,3,0.06,0,0,0,0,0,0,0,1,0,1,0,0,0,1,0,0,0,0
441.0,116,677.0,0,5,2,0,4.98,6,0.16,1,0,0,1,0,0,0,0,0,0,0,0,1,0,0,1,0,0
140.0,213,163.0,1,2,3,1,13.52,5,0.08,1,0,0,0,0,0,0,1,0,0,0,1,0,1,0,0,0,1
217.0,160,346.0,0,3,1,0,2.22,6,0.09,1,0,0,0,1,0,1,0,0,0,0,0,0,0,0,1,0,0
107.0,21,472.0,0,6,2,1,3.52,5,0.06,0,0,0,0,0,0,0,0,1,0,0,1,0,0,1,0,0,1
238.0,229,295.0,0,5,2,0,14.99,2,0.13,1,0,0,0,1,0,0,0,1,0,0,1,0,0,0,0,1,0
282.0,280,115.0,0,2,1,0,8.37,4,0.1,0,0,0,0,0,1,1,0,0,0,0,1,0,0,1,0,0,0
312.0,101,75.0,1,5,0,0,11.62,6,0.1,1,0,0,1,0,0,0,1,0,0,1,0,1,0,0,0,1,0
230.0,209,214.0,0,5,0,1,16.26,3,0.11,0,0,0,0,1,0,1,0,0,1,0,0,0,0,0,0,0,1
258.0,250,415.0,1,0,2,0,18.13,6,0.12,0,0,0,0,1,0,0,0,1,1,0,0,0,0,1,1,0,0
0.0,151,730.0,0,6,2,1,14.49,5,0.09,0,0,0,1,0,0,0,0,1,0,0,0,0,0,0,0,0,1
348.0,6,153.0,0,9,3,1,13.25,2,0.12,0,0,1,0,0,0,1,0,0,1,0,0,0,1,0,0,1,0
397.0,154,662.0,0,0,3,1,17.18,7,0.19,1,0,0,0,1,0,0,0,0,0,1,0,0,0,0,0,0,0
98.0,116,205.0,0,7,4,1,4.52,1,0.05,0,0,0,1,0,0,1,0,0,0,1,0,0,0,1,1,0,0
19.0,265,436.94421052631577,0,3,4,0,17.2,5,0.08,0,0,0,0,0,0,1,0,0,0,0,0,1,0,0,1,0,0
224.0,173,292.0,0,2,4,1,2.71,5,0.09,1,0,0,0,1,0,0,0,1,1,0,0,0,0,1,1,0,0
62.0,291,436.94421052631577,1,9,3,0,5.24,1,0.05,0,0,1,0,0,1,0,1,0,0,0,0,0,1,0,0,1,0
364.0,155,661.0,0,2,2,0,6.45,6,0.14,0,0,1,0,0,1,0,0,1,1,0,0,0,1,0,1,0,0
219.0,28,280.0,0,2,2,0,11.03,7,0.09,0,0,1,0,1,0,0,0,1,0,1,0,0,0,0,0,0,1
103.0,97,373.0,0,2,2,0,2.73,4,0.05,0,1,0,0,1,0,1,0,0,0,0,0,0,0,1,0,1,0
313.0,140,260.0,0,7,2,1,6.67,1,0.12,1,0,0,0,1,0,0,0,1,0,1,0,0,1,0,1,0,0
28.0,133,474.0,0,4,4,1,19.39,4,0.09,0,0,0,0,1,0,0,1,0,0,1,0,1,0,0,1,0,0
360.0,42,253.0,1,9,0,1,9.09,7,0.1,0,0,0,0,0,1,0,0,0,0,1,0,0,1,0,0,1,0
157.0,213,602.0,1,9,0,1,7.76,7,0.09,0,0,1,0,0,1,0,1,0,1,0,0,0,1,0,1,0,0
390.0,243,737.0,0,7,4,1,18.42,5,0.19,0,0,0,0,0,1,0,0,1,0,0,1,0,0,0,0,0,1
427.0,240,125.0,1,5,3,1,6.95,2,0.11,0,0,0,0,1,0,0,1,0,0,1,0,0,0,1,0,0,1
49.0,214,734.0,0,8,0,1,7.65,5,0.09,0,0,0,0,1,0,0,0,0,0,0,1,0,1,0,0,0,0
279.0,89,317.0,0,9,1,1,14.09,4,0.12,0,0,1,0,0,1,0,0,0,0,0,1,0,0,0,0,0,1
80.0,53,68.0,0,6,3,0,2.85,3,0.04,1,0,0,0,0,0,1,0,0,0,0,0,0,0,0,0,0,0
303.0,178,671.0,0,0,0,1,10.75,1,0.14,0,0,0,0,1,0,0,0,1,0,0,0,0,0,0,0,0,1
145.0,71,63.0,0,8,2,1,7.14,5,0.06,1,0,0,0,1,0,0,0,1,0,1,0,0,0,0,0,1,0
495.0,255,612.0,1,8,2,1,16.8,6,0.18,1,0,0,0,1,0,1,0,0,0,1,0,1,0,0,0,0,1
493.0,281,554.0,0,2,4,1,3.58,3,0.18,1,0,0,0,0,0,1,0,0,1,0,0,0,0,1,0,0,1
251.0,83,698.0,0,6,2,0,16.27,7,0.16,1,0,0,0,1,0,0,0,1,0,0,1,1,0,0,0,0,0
113.0,191,84.0,0,4,3,0,16.37,4,0.08,0,0,1,0,0,1,0,1,0,0,0,1,0,0,0,1,0,0
302.0,135,341.0,1,8,1,0,16.56,4,0.09,0,1,0,0,0,1,0,0,0,1,0,0,0,1,0,0,0,0
71.0,214,540.0,1,2,1,1,1.42,2,0.05,0,0,1,1,0,0,0,0,1,1,0,0,0,0,1,0,1,0
469.0,120,456.0,1,1,1,1,11.3,7,0.13,0,0,0,0,0,1,0,0,1,0,0,1,0,1,0,0,1,0
57.0,141,526.0,0,9,0,1,13.81,2,0.1,1,0,0,1,0,0,1,0,0,0,1,0,0,1,0,0,1,0
43.0,226,210.0,1,2,1,1,16.06,6,0.06,0,0,0,0,0,1,0,0,0,0,0,1,0,1,0,0,1,0
116.0,48,607.0,1,5,0,1,12.39,6,0.08,0,0,1,0,0,1,0,0,1,0,1,0,0,0,1,0,0,1
459.0,0,695.0,0,8,4,0,13.47,5,0.17,0,0,1,0,1,0,0,1,0,1,0,0,1,0,0,0,0,0
475.0,100,615.0,0,1,0,1,8.26,2,0.16,0,0,0,0,0,1,0,1,0,0,1,0,0,0,0,0,0,0
53.0,213,428.0,1,5,1,1,5.82,5,0.05,0,0,0,0,1,0,0,0,1,0,0,0,0,0,0,0,0,1
51.0,71,653.0,1,6,3,1,1.07,1,0.06,1,0,0,0,1,0,0,1,0,0,0,0,0,0,1,0,0,1
283.0,118,319.0,1,2,3,0,17.82,3,0.11,0,0,0,0,0,0,0,1,0,1,0,0,0,0,1,0,0,1
456.0,72,715.0,0,7,1,1,14.1,3,0.19,1,0,0,0,0,0,0,0,1,0,1,0,0,0,1,0,0,0
74.0,17,328.0,0,9,1,1,3.98,7,0.05,0,0,1,0,0,1,1,0,0,0,0,1,0,0,0,0,0,1
177.0,11,413.0,1,0,1,0,14.69,4,0.09,1,0,0,1,0,0,0,1,0,0,1,0,0,1,0,1,0,0
460.0,132,596.0,0,9,1,0,16.83,7,0.14,0,1,0,1,0,0,0,0,1,0,0,0,0,1,0,0,0,1
459.0,153,181.0,0,6,1,1,2.14,4,0.13,1,0,0,0,1,0,0,1,0,0,1,0,0,0,0,0,0,0
248.90947368421052,250,674.0,0,0,0,1,12.66,3,0.16,1,0,0,0,0,1,1,0,0,1,0,0,0,0,1,1,0,0
339.0,99,338.0,1,5,4,1,13.92,7,0.11,0,0,0,1,0,0,1,0,0,0,1,0,0,0,1,0,1,0
306.0,49,610.0,0,5,4,1,12.51,6,0.11,0,1,0,1,0,0,0,0,1,0,1,0,0,0,0,1,0,0
455.0,287,172.0,0,2,3,0,15.34,4,0.13,0,1,0,0,1,0,0,1,0,0,0,0,0,1,0,0,1,0
48.0,241,222.0,1,6,0,1,18.24,5,0.07,0,0,0,0,0,1,0,0,1,0,0,1,0,0,0,0,0,1
121.0,272,351.0,1,5,3,1,5.79,3,0.07,0,0,1,0,0,1,1,0,0,0,1,0,0,1,0,0,0,0
387.0,284,630.0,0,9,2,0,18.88,7,0.2,1,0,0,0,0,1,1,0,0,0,0,1,0,1,0,0,0,0
236.0,225,569.0,0,5,2,1,4.99,4,0.12,1,0,0,0,1,0,0,0,0,0,1,0,1,0,0,0,0,1
205.0,260,753.0,0,5,1,0,4.66,6,0.12,1,0,0,0,0,0,0,1,0,0,0,0,0,0,0,0,0,0
248.90947368421052,230,709.0,0,1,4,1,9.94,6,0.17,1,0,0,1,0,0,1,0,0,0,1,0,1,0,0,1,0,0
126.0,175,374.0,1,6,4,0,9.08,6,0.07,0,0,1,0,0,0,0,0,0,1,0,0,0,0,0,0,1,0
248.90947368421052,84,708.0,0,7,0,0,19.01,5,0.15,0,1,0,0,0,0,0,0,0,0,0,1,0,0,0,0,0,1
460.0,270,686.0,0,3,1,0,9.05,6,0.17,0,0,0,0,0,1,0,1,0,1,0,0,0,0,0,0,0,0
197.0,105,332.0,1,5,2,0,15.93,2,0.09,0,0,0,1,0,0,0,1,0,0,1,0,0,1,0,1,0,0
85.0,98,647.0,1,2,1,0,1.94,7,0.05,0,1,0,0,0,0,0,0,0,0,0,0,0,0,1,1,0,0
252.0,241,69.0,0,1,3,1,9.16,3,0.09,0,0,0,0,0,1,0,0,1,0,0,1,0,0,1,0,0,0
407.0,130,363.0,0,6,1,0,9.59,3,0.14,0,0,1,0,1,0,1,0,0,0,0,0,1,0,0,0,0,0
317.0,153,606.0,0,4,1,0,8.96,4,0.15,1,0,0,0,0,1,0,0,0,0,1,0,0,0,0,1,0,0
127.0,83,247.0,0,3,2,1,16.01,5,0.09,0,0,0,0,0,1,0,0,1,0,1,0,1,0,0,0,0,1
345.0,276,492.0,1,2,1,0,1.99,7,0.11,1,0,0,0,1,0,1,0,0,1,0,0,0,1,0,0,0,1
368.0,23,444.0,1,6,4,1,7.01,1,0.11,0,0,0,0,0,0,0,0,1,0,1,0,0,0,1,1,0,0
180.0,190,569.0,1,9,3,0,11.73,1,0.1,0,0,1,1,0,0,0,0,0,0,0,0,1,0,0,0,0,1
217.0,232,568.0,1,0,4,1,15.19,3,0.11,0,0,1,0,1,0,0,0,1,1,0,0,0,0,1,1,0,0
288.0,135,613.0,1,7,3,1,15.76,2,0.12,0,0,0,0,0,0,0,1,0,0,0,1,0,0,0,1,0,0
248.90947368421052,288,534.0,1,4,1,1,7.12,1,0.06,0,1,0,0,1,0,0,1,0,0,0,1,0,1,0,0,0,1
173.0,89,719.0,1,1,1,1,8.78,5,0.1,1,0,0,1,0,0,0,1,0,0,1,0,1,0,0,1,0,0
488.0,24,151.0,0,9,0,0,17.59,5,0.12,0,1,0,1,0,0,0,1,0,1,0,0,0,0,1,0,0,1
386.0,16,713.0,1,4,0,0,7.91,4,0.1,0,1,0,0,1,0,0,0,0,0,0,1,1,0,0,0,1,0
20.0,222,59.0,0,2,0,0,18.5,5,0.07,0,0,0,0,0,0,0,0,1,0,0,1,1,0,0,1,0,0
267.0,30,391.0,1,6,2,1,16.99,3,0.09,0,1,0,0,0,0,0,1,0,0,0,1,0,1,0,1,0,0
433.0,255,669.0,0,6,4,1,13.11,6,0.2,1,0,0,0,0,1,0,0,0,0,1,0,0,0,1,1,0,0
98.0,275,283.0,1,9,0,0,6.18,4,0.06,0,0,1,0,0,0,0,1,0,1,0,0,0,0,0,0,0,1
223.0,212,622.0,0,5,4,0,9.93,6,0.14,1,0,0,0,0,0,0,0,1,0,0,1,0,0,0,0,0,1
255.0,25,686.0,0,8,3,0,10.55,5,0.14,1,0,0,0,1,0,0,1,0,1,0,0,0,0,0,0,1,0
4.0,195,277.0,0,8,4,1,8.14,5,0.05,0,0,1,0,0,1,0,1,0,0,0,1,0,0,1,0,1,0
176.0,205,497.0,0,4,1,1,2.89,7,0.07,0,1,0,0,0,1,1,0,0,0,0,0,0,1,0,0,0,1
133.0,260,162.0,0,4,0,1,5.88,3,0.05,0,1,0,1,0,0,0,0,1,0,0,1,1,0,0,0,0,1
119.0,8,436.94421052631577,1,9,1,0,15.12,7,0.07,1,0,0,0,1,0,1,0,0,1,0,0,0,0,0,0,0,1
163.0,232,705.0,1,2,1,1,10.27,1,0.08,0,1,0,1,0,0,0,0,1,1,0,0,1,0,0,1,0,0
248.90947368421052,83,753.0,0,1,0,1,6.95,3,0.14,1,0,0,0,1,0,0,1,0,0,1,0,0,0,1,1,0,0
276.0,281,645.0,1,0,1,1,2.17,2,0.08,0,1,0,0,1,0,0,0,1,0,0,1,0,1,0,1,0,0
214.0,42,243.0,0,4,1,1,4.35,7,0.06,0,1,0,0,1,0,0,0,0,1,0,0,0,0,0,0,1,0
438.0,169,543.0,0,9,1,1,8.43,4,0.15,0,0,1,0,0,0,0,1,0,0,0,1,0,0,1,0,1,0
92.0,179,528.0,1,4,3,1,12.7,5,0.08,0,0,0,0,0,0,0,1,0,0,0,1,0,1,0,0,1,0
492.0,101,457.0,0,9,0,1,7.79,1,0.12,0,1,0,0,1,0,0,0,1,1,0,0,1,0,0,1,0,0
468.0,118,90.0,0,9,4,1,1.28,7,0.11,0,0,0,1,0,0,1,0,0,0,0,1,1,0,0,0,1,0
347.0,261,659.0,1,0,4,0,12.75,7,0.13,0,0,0,0,0,1,0,0,1,0,0,1,0,1,0,0,1,0
396.0,49,282.0,0,6,2,1,7.19,5,0.13,1,0,0,0,1,0,1,0,0,0,0,1,0,0,0,0,0,1
41.0,61,333.0,1,0,4,1,7.44,5,0.05,1,0,0,1,0,0,0,0,0,0,0,1,0,0,0,0,1,0
283.0,38,338.0,0,9,4,1,17.2,5,0.13,0,0,0,0,0,0,0,0,0,1,0,0,0,0,0,1,0,0
430.0,261,363.0,1,6,1,1,14.93,2,0.14,0,0,1,0,1,0,1,0,0,0,0,1,0,0,1,1,0,0
489.0,154,645.0,0,1,3,1,2.42,3,0.12,0,1,0,0,0,1,0,0,1,0,0,0,0,1,0,0,0,1
400.0,102,603.0,1,6,4,0,13.43,3,0.14,0,0,0,0,1,0,1,0,0,0,0,1,0,0,1,0,1,0
345.0,92,695.0,0,3,0,0,19.58,3,0.18,1,0,0,0,0,1,0,0,1,0,1,0,0,0,1,0,0,1
157.0,164,607.0,0,8,0,0,6.21,6,0.1,1,0,0,0,0,0,1,0,0,0,1,0,0,0,1,0,0,0
305.0,75,487.0,0,5,0,1,17.73,7,0.14,0,0,0,0,0,0,0,0,1,0,0,0,0,0,0,0,1,0
303.0,219,506.0,0,3,1,0,6.33,5,0.12,0,0,0,0,0,1,0,0,0,0,0,0,0,0,1,1,0,0
91.0,120,446.0,0,7,4,0,8.33,4,0.06,0,1,0,1,0,0,0,0,0,0,0,0,0,0,0,1,0,0
499.0,212,621.0,1,6,3,1,11.56,7,0.17,1,0,0,0,0,0,0,1,0,0,0,0,0,1,0,0,0,1
8.0,148,444.0,0,0,0,1,2.27,7,0.04,0,0,1,0,1,0,0,0,1,0,0,0,0,0,1,0,0,1
394.0,8,436.94421052631577,0,8,4,1,3.19,2,0.1,0,0,1,0,1,0,0,0,1,0,0,1,1,0,0,0,1,0
271.0,148,392.0,0,1,1,0,13.76,6,0.1,0,1,0,0,0,1,0,0,1,0,1,0,0,0,0,0,1,0
232.0,177,486.0,0,5,3,0,9.58,1,0.12,1,0,0,0,0,1,0,0,1,1,0,0,0,0,0,1,0,0
118.0,110,615.0,0,3,3,0,6.1,6,0.08,0,0,1,0,1,0,1,0,0,0,0,1,0,0,0,1,0,0
102.0,269,564.0,0,9,4,1,3.29,4,0.08,0,0,1,0,0,0,0,1,0,0,0,1,0,0,1,0,1,0
123.0,203,662.0,1,9,4,1,13.21,6,0.11,1,0,0,1,0,0,0,0,1,1,0,0,0,1,0,0,0,1
263.0,248,476.0,0,4,0,0,17.36,2,0.11,0,1,0,0,0,0,1,0,0,0,0,0,0,1,0,0,1,0
270.0,238,411.0,1,9,1,0,11.89,5,0.11,0,0,1,0,1,0,0,1,0,0,1,0,0,0,1,0,0,1
146.0,227,267.0,0,8,2,1,13.38,2,0.11,1,0,0,0,0,1,0,0,0,0,0,0,0,0,1,0,1,0
341.0,106,396.0,1,4,4,0,7.4,2,0.1,0,0,1,0,0,0,0,0,0,1,0,0,0,1,0,0,0,1
421.0,111,466.0,0,2,0,1,12.17,2,0.12,0,1,0,0,0,1,0,0,0,1,0,0,0,1,0,1,0,0
152.0,292,205.0,1,0,2,1,11.29,2,0.08,1,0,0,0,0,0,0,0,0,1,0,0,0,1,0,1,0,0
430.0,16,299.0,0,5,2,0,1.55,5,0.11,0,0,1,1,0,0,1,0,0,0,1,0,0,0,1,1,0,0
40.0,113,351.0,0,6,2,0,1.27,5,0.05,1,0,0,0,0,1,0,1,0,0,0,1,0,1,0,0,1,0
408.0,138,352.0,1,4,4,0,14.98,5,0.13,0,0,0,1,0,0,0,1,0,0,0,1,0,0,0,0,0,0
46.0,297,651.0,0,0,2,1,17.78,2,0.11,0,0,0,1,0,0,0,1,0,0,1,0,1,0,0,1,0,0
372.0,221,424.0,0,4,1,0,5.29,2,0.14,1,0,0,0,1,0,0,1,0,0,1,0,1,0,0,0,0,0
146.0,254,250.0,0,0,4,1,18.53,3,0.11,0,0,1,1,0,0,0,0,1,0,0,0,1,0,0,0,1,0
105.0,60,530.0,0,4,1,0,4.86,4,0.08,1,0,0,0,1,0,0,1,0,0,0,0,0,0,1,0,0,0
460.0,257,782.0,1,1,3,1,18.92,1,0.17,0,0,1,0,0,1,0,1,0,1,0,0,0,0,1,0,0,1
282.0,36,721.0,0,0,1,1,14.23,5,0.14,0,0,0,1,0,0,0,0,0,0,1,0,1,0,0,1,0,0
253.0,19,774.0,0,4,3,0,19.47,2,0.15,0,0,0,0,0,0,0,0,1,0,0,0,0,0,1,0,0,1
248.90947368421052,165,93.0,1,8,0,1,3.54,1,0.1,0,0,1,1,0,0,0,1,0,1,0,0,0,0,0,1,0,0
79.0,48,598.0,0,7,0,1,1.77,1,0.05,0,1,0,0,0,1,0,1,0,0,1,0,0,0,1,0,0,0
345.0,58,436.94421052631577,0,8,0,1,4.0,3,0.11,1,0,0,1,0,0,0,0,0,0,1,0,0,1,0,0,0,1
171.0,147,525.0,0,0,1,1,12.17,5,0.11,0,0,1,0,0,1,1,0,0,1,0,0,0,1,0,0,0,0
326.0,39,310.0,1,1,3,1,3.05,3,0.08,0,0,0,0,0,0,0,0,1,0,1,0,0,0,0,1,0,0
248.90947368421052,115,153.0,0,1,4,1,6.13,7,0.08,1,0,0,1,0,0,1,0,0,1,0,0,0,0,0,0,0,0
316.0,160,132.0,1,0,4,1,15.49,2,0.1,0,0,0,1,0,0,0,0,1,0,0,1,0,0,1,0,0,0
402.0,2,178.0,0,9,4,1,9.3,3,0.1,0,1,0,0,1,0,0,0,0,0,0,0,0,1,0,1,0,0
418.0,44,413.0,1,0,0,0,12.17,1,0.1,0,1,0,0,0,0,0,1,0,1,0,0,0,0,1,0,0,0
149.0,270,771.0,0,6,0,1,13.51,2,0.1,0,1,0,0,1,0,0,1,0,1,0,0,1,0,0,1,0,0
57.0,124,753.0,0,3,1,1,19.66,7,0.12,0,0,0,0,0,1,0,0,0,0,1,0,0,0,1,0,1,0
38.0,135,503.0,1,7,0,0,8.67,3,0.06,0,0,0,0,0,0,1,0,0,0,1,0,0,0,0,0,0,1
491.0,261,309.0,0,7,4,1,15.1,3,0.17,0,0,0,0,1,0,1,0,0,0,1,0,0,1,0,0,0,1
37.0,119,599.0,0,4,1,0,8.47,7,0.06,0,1,0,1,0,0,0,0,1,1,0,0,0,1,0,0,1,0
171.0,11,778.0,1,8,4,0,1.77,3,0.06,0,1,0,0,1,0,0,0,1,1,0,0,0,1,0,0,1,0
191.0,169,426.0,0,0,4,0,9.29,3,0.1,0,0,1,1,0,0,0,0,1,1,0,0,1,0,0,0,1,0
105.0,276,598.0,1,7,4,1,5.08,7,0.08,0,0,0,0,0,0,0,0,0,0,0,0,1,0,0,0,1,0
240.0,269,363.0,1,1,3,1,9.2,4,0.07,0,1,0,1,0,0,0,1,0,1,0,0,0,0,0,0,1,0
283.0,252,546.0,1,7,4,1,8.48,6,0.12,1,0,0,0,1,0,1,0,0,0,0,1,1,0,0,1,0,0
473.0,228,600.0,1,7,2,1,3.67,4,0.15,1,0,0,0,0,0,0,0,0,1,0,0,0,0,1,1,0,0
448.0,154,745.0,0,8,0,0,10.66,3,0.19,1,0,0,0,0,0,0,0,1,0,0,1,1,0,0,1,0,0
38.0,278,57.0,1,1,2,1,12.09,7,0.05,0,0,1,0,0,1,0,0,0,0,0,1,1,0,0,0,1,0
498.0,58,362.0,0,2,2,1,7.38,6,0.15,0,0,0,0,1,0,0,0,0,0,1,0,1,0,0,0,0,0
461.0,222,490.0,0,5,2,0,12.5,4,0.13,0,1,0,0,1,0,0,0,1,0,1,0,1,0,0,1,0,0
188.0,81,522.0,1,9,1,1,6.77,2,0.09,1,0,0,0,0,0,0,0,0,0,0,0,0,1,0,0,0,1
99.0,69,716.0,0,0,1,1,3.6,6,0.08,0,0,1,0,1,0,1,0,0,0,0,1,0,0,1,0,1,0
410.0,85,500.0,0,2,3,1,3.57,3,0.14,1,0,0,1,0,0,0,0,0,0,1,0,1,0,0,0,1,0
91.0,242,260.0,1,5,4,1,11.6,1,0.07,0,0,1,0,0,0,1,0,0,1,0,0,0,0,0,0,0,1
182.0,116,695.0,1,1,4,0,12.53,3,0.1,0,0,0,0,0,1,0,0,0,0,1,0,0,1,0,0,0,1
431.0,163,589.0,0,6,4,1,14.62,7,0.19,1,0,0,0,0,0,1,0,0,0,0,1,0,0,1,1,0,0
115.0,273,484.0,0,5,1,1,11.93,4,0.1,0,0,1,0,1,0,1,0,0,0,0,0,1,0,0,0,0,0
288.0,180,237.0,0,0,4,1,17.1,5,0.1,0,1,0,1,0,0,0,0,0,1,0,0,0,0,1,0,0,0
150.0,123,148.0,1,1,1,1,5.67,3,0.04,0,1,0,0,1,0,0,0,0,0,0,1,0,0,1,1,0,0
248.90947368421052,162,106.0,1,9,2,0,12.03,4,0.11,0,0,0,0,0,1,0,0,0,0,0,0,0,1,0,1,0,0
27.0,83,436.94421052631577,0,9,0,1,16.44,3,0.08,0,1,0,1,0,0,0,0,0,0,0,1,0,0,0,1,0,0
449.0,88,710.0,0,8,2,1,16.72,3,0.2,1,0,0,1,0,0,0,0,1,0,1,0,0,0,0,1,0,0
441.0,129,98.0,1,6,1,1,7.58,5,0.1,0,0,1,0,1,0,0,0,0,0,0,0,0,0,1,0,0,0
8.0,39,405.0,0,0,0,1,2.32,3,0.03,0,1,0,0,1,0,0,0,1,1,0,0,0,0,0,0,0,1
452.0,58,711.0,1,2,3,1,17.6,7,0.16,0,0,0,0,0,0,0,1,0,0,0,0,0,0,1,1,0,0
248.90947368421052,206,550.0,0,9,2,1,6.1,3,0.08,1,0,0,0,1,0,0,1,0,0,0,0,1,0,0,0,1,0
393.0,299,406.0,0,7,0,0,4.86,2,0.11,0,1,0,0,0,1,0,1,0,0,1,0,0,1,0,0,1,0
345.0,218,704.0,0,3,4,0,16.68,4,0.17,0,0,0,0,0,0,0,0,1,1,0,0,0,0,1,0,1,0
169.0,184,585.0,1,1,0,1,3.91,6,0.07,0,0,1,0,1,0,0,0,0,1,0,0,1,0,0,0,0,0
446.0,159,738.0,0,9,3,1,16.28,6,0.19,0,0,0,1,0,0,0,0,0,0,1,0,1,0,0,1,0,0
214.0,194,124.0,0,1,0,0,18.35,7,0.11,0,0,0,0,1,0,0,0,1,0,0,1,1,0,0,0,0,0
126.0,67,217.0,1,6,2,0,2.02,6,0.04,0,0,1,0,0,1,1,0,0,1,0,0,0,0,1,0,0,0
484.0,139,270.0,0,2,4,0,13.87,7,0.18,1,0,0,0,0,0,0,0,1,0,0,0,0,0,1,0,1,0
237.0,203,403.0,0,7,1,1,9.52,3,0.12,1,0,0,0,1,0,0,0,0,0,1,0,0,0,0,0,0,0
496.0,233,314.0,0,9,3,0,13.16,5,0.14,0,1,0,0,0,1,0,0,1,0,0,1,1,0,0,1,0,0
248.90947368421052,70,604.0,0,2,1,0,10.98,2,0.16,1,0,0,0,1,0,0,0,1,1,0,0,0,0,0,0,1,0
450.0,289,336.0,0,3,1,1,16.45,7,0.19,1,0,0,0,0,1,0,0,0,1,0,0,0,0,1,0,0,0
491.0,160,436.94421052631577,0,5,4,1,8.15,1,0.14,0,0,0,0,1,0,0,1,0,0,0,0,1,0,0,0,0,1
285.0,284,330.0,0,1,0,1,6.13,3,0.12,1,0,0,0,0,0,0,0,1,1,0,0,0,0,1,0,0,0
125.0,172,398.0,0,4,1,1,10.21,1,0.09,0,0,0,0,1,0,1,0,0,0,0,0,1,0,0,0,1,0
446.0,20,211.0,0,7,1,1,12.52,2,0.15,1,0,0,0,0,0,0,1,0,1,0,0,1,0,0,0,0,1
143.0,262,534.0,0,6,0,0,8.82,3,0.1,0,0,1,0,1,0,0,1,0,0,0,0,0,1,0,0,0,0
73.0,137,536.0,0,8,2,1,3.21,4,0.07,0,0,1,0,0,0,0,1,0,0,1,0,0,0,1,0,0,1
357.0,173,407.0,0,0,0,1,7.26,5,0.1,0,1,0,0,0,0,0,0,0,0,0,0,0,0,1,0,0,0
38.0,54,296.0,0,6,3,1,13.42,6,0.05,0,1,0,0,1,0,1,0,0,1,0,0,0,1,0,0,0,0
363.0,145,69.0,0,0,2,1,8.5,3,0.12,1,0,0,1,0,0,0,0,1,1,0,0,1,0,0,0,0,1
112.0,39,225.0,0,0,1,1,9.1,2,0.06,0,0,1,0,0,0,0,0,0,0,1,0,0,1,0,0,0,1
172.0,109,455.0,1,4,4,1,4.37,1,0.07,0,0,0,1,0,0,1,0,0,1,0,0,0,1,0,0,0,1
458.0,123,734.0,0,7,0,0,14.73,1,0.18,0,0,0,1,0,0,1,0,0,0,0,1,0,1,0,0,1,0
316.0,199,175.0,1,6,0,0,3.18,5,0.08,0,0,1,0,0,1,0,0,1,0,1,0,0,0,1,0,0,1
496.0,213,775.0,1,0,1,0,9.64,7,0.16,0,0,0,0,0,0,1,0,0,0,1,0,0,0,1,0,0,0
189.0,202,263.0,0,7,1,1,4.57,4,0.08,0,0,1,0,0,0,0,0,1,0,0,1,0,0,1,1,0,0
373.0,291,50.0,0,5,3,1,6.99,4,0.11,0,0,0,0,1,0,0,1,0,1,0,0,0,0,0,1,0,0
444.0,29,90.0,0,7,1,1,12.1,5,0.11,0,1,0,0,0,0,0,1,0,1,0,0,0,0,1,0,0,0
348.0,40,96.0,0,7,0,1,7.15,4,0.08,0,1,0,1,0,0,0,1,0,0,1,0,0,1,0,0,0,0
320.0,2,582.0,0,6,0,0,16.4,6,0.11,0,1,0,0,1,0,0,0,1,1,0,0,1,0,0,0,0,1
363.0,28,386.0,0,4,3,1,10.46,4,0.13,0,0,1,0,1,0,0,0,0,0,0,0,0,0,1,0,1,0
151.0,170,436.94421052631577,0,8,3,0,8.64,1,0.07,0,1,0,0,0,0,1,0,0,0,0,1,0,0,1,0,0,1
195.0,11,677.0,0,6,0,0,3.55,6,0.09,0,0,1,0,1,0,0,0,0,1,0,0,0,1,0,0,1,0
3.0,208,554.0,1,9,1,1,11.96,3,0.05,0,1,0,0,0,1,0,0,1,0,0,0,0,0,0,1,0,0
423.0,262,436.94421052631577,0,5,2,1,15.32,4,0.16,0,0,1,0,1,0,0,0,0,0,0,1,0,0,1,0,0,0
34.0,87,486.0,0,9,3,1,12.45,4,0.08,1,0,0,0,1,0,0,1,0,0,1,0,0,0,1,0,0,1
159.0,95,637.0,1,2,1,0,12.33,4,0.07,0,1,0,1,0,0,0,0,1,0,0,1,0,0,1,0,0,1
419.0,46,481.0,0,6,1,0,18.06,5,0.16,0,0,0,0,0,1,0,1,0,1,0,0,0,1,0,0,0,1
166.0,294,385.0,0,5,3,0,8.74,3,0.1,0,0,0,0,0,0,1,0,0,1,0,0,1,0,0,0,1,0
392.0,190,353.0,0,1,1,0,13.33,6,0.14,0,0,1,0,1,0,0,1,0,0,0,0,0,1,0,0,0,1
100.0,273,115.0,0,6,2,0,7.66,4,0.06,0,0,0,0,0,1,0,1,0,0,0,0,0,0,1,0,0,1
224.0,75,356.0,1,0,4,0,6.88,4,0.09,1,0,0,0,0,0,0,1,0,0,0,0,0,1,0,1,0,0
1.0,292,499.0,0,9,4,1,9.07,2,0.06,0,1,0,0,0,1,0,1,0,1,0,0,0,1,0,0,0,0
143.0,34,483.0,0,0,2,1,4.53,3,0.06,0,1,0,1,0,0,0,0,1,0,0,0,0,0,1,1,0,0
248.90947368421052,144,563.0,0,9,0,1,4.42,1,0.09,0,0,1,1,0,0,0,0,0,0,0,0,0,0,0,0,0,0
1.0,288,728.0,1,0,2,0,15.45,5,0.09,1,0,0,0,1,0,1,0,0,1,0,0,0,0,1,0,0,0
330.0,151,115.0,0,2,2,1,2.96,1,0.1,1,0,0,0,0,1,0,0,1,0,1,0,1,0,0,0,0,1
392.0,277,252.0,1,0,2,1,4.92,6,0.1,0,0,1,1,0,0,0,0,1,1,0,0,0,0,1,0,0,0
8.0,104,525.0,0,9,0,1,18.4,6,0.1,1,0,0,1,0,0,0,0,0,0,1,0,0,0,1,0,0,0
473.0,207,436.94421052631577,1,4,2,0,12.22,5,0.13,0,0,1,1,0,0,0,0,1,0,1,0,0,0,0,1,0,0
450.0,253,688.0,1,5,4,1,5.84,5,0.14,0,0,0,1,0,0,0,0,1,0,0,1,1,0,0,0,1,0
339.0,194,226.0,1,5,3,1,9.61,2,0.1,0,0,0,1,0,0,0,1,0,0,0,1,1,0,0,0,0,1
385.0,225,617.0,0,4,2,1,10.15,5,0.17,1,0,0,1,0,0,1,0,0,0,0,0,0,1,0,0,0,1
341.0,145,118.0,0,4,3,0,16.75,5,0.13,0,0,0,0,1,0,0,1,0,1,0,0,1,0,0,1,0,0
169.0,26,516.0,1,8,4,1,12.2,5,0.07,0,1,0,0,0,1,0,1,0,0,0,1,0,0,1,0,0,0
36.0,293,725.0,0,0,3,1,8.75,2,0.09,0,0,0,1,0,0,0,0,0,1,0,0,1,0,0,1,0,0
345.0,71,708.0,1,5,3,0,2.52,7,0.11,0,0,0,0,0,0,0,1,0,0,0,0,0,0,1,0,1,0
42.0,148,728.0,1,9,1,1,13.49,3,0.09,1,0,0,0,0,1,0,0,0,0,0,0,0,0,1,0,1,0
4.0,73,739.0,0,5,2,0,17.47,6,0.11,1,0,0,1,0,0,0,1,0,0,1,0,0,0,0,0,0,0
279.0,285,326.0,1,0,0,0,2.59,1,0.09,1,0,0,1,0,0,0,0,1,0,0,1,0,0,1,1,0,0
364.0,226,764.0,0,1,1,0,10.05,5,0.17,1,0,0,0,0,1,0,0,0,0,0,0,1,0,0,0,0,1
135.0,148,237.0,0,5,2,1,10.75,1,0.08,0,0,0,1,0,0,0,1,0,0,0,0,0,0,0,0,0,1
219.0,298,436.94421052631577,0,7,0,0,11.06,7,0.11,1,0,0,1,0,0,1,0,0,0,0,1,1,0,0,0,0,1
399.0,116,718.0,1,9,4,1,10.46,4,0.15,1,0,0,1,0,0,1,0,0,1,0,0,0,0,0,1,0,0
98.0,1,297.0,0,0,0,1,15.96,7,0.08,0,0,1,0,0,0,0,0,0,0,0,0,0,0,1,0,1,0
98.0,76,667.0,1,7,0,1,5.08,7,0.07,1,0,0,1,0,0,0,1,0,1,0,0,0,1,0,0,1,0
164.0,26,753.0,0,6,0,0,12.31,4,0.12,1,0,0,0,1,0,0,1,0,0,0,1,0,0,0,0,1,0
203.0,108,167.0,1,1,3,1,13.7,4,0.08,0,0,1,0,1,0,0,1,0,1,0,0,1,0,0,0,0,1
116.0,260,313.0,0,6,0,0,19.55,3,0.11,0,0,0,1,0,0,0,0,1,1,0,0,1,0,0,1,0,0
496.0,299,469.0,1,9,1,1,17.69,7,0.16,0,0,0,0,0,1,0,0,0,0,0,1,1,0,0,0,1,0
403.0,242,741.0,0,1,3,1,5.79,1,0.12,0,1,0,0,0,1,1,0,0,0,0,1,1,0,0,0,0,0
303.0,117,351.0,0,6,0,1,13.32,2,0.1,0,1,0,1,0,0,0,0,0,0,1,0,0,0,1,0,0,0
366.0,106,455.0,1,3,3,0,8.21,7,0.09,0,1,0,0,0,0,1,0,0,1,0,0,1,0,0,0,1,0
207.0,24,549.0,0,8,0,1,12.83,3,0.11,0,0,1,0,0,1,0,0,0,0,1,0,0,0,0,0,1,0
143.0,172,412.0,0,2,3,1,8.38,1,0.1,1,0,0,1,0,0,0,0,0,0,1,0,0,1,0,0,0,1
195.0,107,98.0,0,8,1,0,13.62,7,0.09,0,0,1,0,0,1,0,1,0,0,1,0,0,0,0,0,0,1
226.0,86,321.0,1,7,3,0,18.28,7,0.11,1,0,0,0,1,0,0,1,0,0,0,1,0,0,1,0,0,1
303.0,104,759.0,1,1,2,0,7.33,6,0.09,0,1,0,0,0,0,0,1,0,0,1,0,0,1,0,0,1,0
236.0,260,622.0,0,1,3,0,8.84,1,0.1,0,1,0,0,0,1,0,1,0,1,0,0,1,0,0,0,0,1
194.0,256,442.0,0,9,0,1,12.28,5,0.11,0,0,1,0,0,1,0,1,0,0,1,0,0,0,1,0,1,0
179.0,49,284.0,0,1,0,0,1.77,2,0.06,0,0,0,0,0,0,1,0,0,0,1,0,0,0,1,0,0,0
157.0,125,122.0,0,3,4,0,7.61,6,0.07,0,0,1,0,0,0,0,0,1,0,0,0,0,0,0,0,1,0
288.0,286,276.0,0,4,3,1,2.82,7,0.08,0,1,0,0,1,0,0,0,1,1,0,0,0,0,1,0,0,0
248.90947368421052,61,677.0,0,0,4,0,16.14,7,0.16,1,0,0,0,1,0,0,0,1,0,1,0,0,1,0,0,1,0
121.0,13,708.0,0,2,3,0,17.21,3,0.11,0,0,1,1,0,0,0,0,0,0,0,1,0,1,0,0,0,1
53.0,240,232.0,1,3,2,1,10.98,7,0.06,1,0,0,0,0,0,0,0,1,0,1,0,0,0,0,0,1,0
423.0,121,784.0,1,6,1,1,2.62,2,0.13,0,0,0,0,0,0,0,0,1,1,0,0,0,0,0,0,1,0
11.0,113,339.0,0,4,3,1,4.89,4,0.04,0,0,0,0,1,0,0,0,1,0,0,1,1,0,0,0,1,0
347.0,267,429.0,0,7,0,1,2.35,3,0.12,0,0,1,0,1,0,0,0,0,0,0,0,1,0,0,0,0,1
57.0,68,775.0,0,3,4,1,6.81,4,0.08,0,0,1,0,0,0,1,0,0,0,1,0,1,0,0,0,0,0
384.0,118,223.0,0,2,1,1,1.37,5,0.1,0,0,1,0,0,0,1,0,0,0,1,0,0,0,1,0,0,0
454.0,177,612.0,1,1,0,0,19.62,5,0.13,0,1,0,0,0,0,0,0,1,0,0,0,0,1,0,0,1,0
68.0,10,736.0,0,7,4,0,16.05,2,0.11,0,0,0,0,0,1,1,0,0,0,1,0,0,1,0,0,0,1
190.0,215,525.0,1,4,2,0,2.84,2,0.08,1,0,0,1,0,0,1,0,0,0,0,1,1,0,0,0,1,0
214.0,158,780.0,1,4,0,0,16.65,6,0.12,0,0,1,1,0,0,1,0,0,0,1,0,0,0,0,1,0,0
401.0,110,503.0,0,4,4,1,3.59,3,0.1,0,1,0,0,0,0,1,0,0,1,0,0,0,0,0,1,0,0
50.0,116,410.0,0,8,1,1,12.12,2,0.06,0,1,0,0,0,0,0,0,1,0,0,1,1,0,0,1,0,0
187.0,235,203.0,0,8,1,1,19.92,6,0.12,0,0,1,0,1,0,1,0,0,1,0,0,0,1,0,0,1,0
475.0,271,276.0,0,3,4,1,2.31,3,0.14,0,0,0,0,0,1,0,1,0,1,0,0,0,0,0,0,0,0
474.0,12,605.0,0,8,4,0,7.42,6,0.17,1,0,0,0,0,1,0,0,0,0,0,1,0,0,0,1,0,0
134.0,265,600.0,1,1,2,0,2.27,3,0.07,0,0,1,1,0,0,0,1,0,0,0,0,0,0,0,0,1,0
125.0,246,750.0,0,3,3,1,2.97,5,0.07,0,1,0,1,0,0,0,0,0,1,0,0,0,0,0,0,0,1
374.0,106,492.0,0,3,2,1,18.46,7,0.16,0,0,0,0,1,0,1,0,0,0,0,1,0,0,0,0,0,1
311.0,210,212.0,0,7,1,1,5.02,1,0.11,1,0,0,0,0,0,0,1,0,0,0,0,0,1,0,0,0,1
370.0,188,362.0,0,0,0,0,17.89,6,0.15,0,0,1,0,0,1,0,0,0,0,0,1,0,1,0,0,0,1
45.0,94,719.0,0,5,4,0,10.04,4,0.07,0,1,0,0,0,1,0,1,0,1,0,0,0,0,0,0,0,0
159.0,207,424.0,0,4,0,0,7.25,3,0.1,1,0,0,1,0,0,0,1,0,0,0,1,0,0,0,0,0,0
159.0,221,117.0,1,8,2,1,9.55,5,0.07,1,0,0,1,0,0,1,0,0,1,0,0,1,0,0,0,0,0
416.0,242,555.0,0,0,1,1,14.39,6,0.18,1,0,0,0,0,1,1,0,0,0,1,0,1,0,0,0,0,1
372.0,97,442.0,0,7,0,1,4.44,2,0.12,0,0,0,1,0,0,1,0,0,0,1,0,0,0,1,1,0,0
93.0,217,436.94421052631577,0,9,2,1,11.76,5,0.08,0,0,1,0,0,1,0,1,0,0,0,0,0,1,0,0,0,0
442.0,207,573.0,0,9,0,0,19.92,7,0.19,0,0,1,0,1,0,0,0,0,0,0,1,0,0,1,0,0,1
83.0,140,785.0,0,7,1,0,2.59,6,0.08,0,0,0,1,0,0,1,0,0,0,0,1,0,0,1,1,0,0
43.0,26,647.0,0,7,1,1,5.43,5,0.07,0,0,0,0,0,1,0,1,0,0,0,1,0,0,1,0,0,0
397.0,59,688.0,1,6,1,1,10.4,6,0.14,1,0,0,0,0,1,0,1,0,0,0,0,0,1,0,0,1,0
407.0,142,223.0,0,2,3,1,8.83,1,0.13,0,0,0,0,1,0,0,0,0,1,0,0,0,0,0,0,0,0
257.0,3,61.0,0,0,2,1,8.99,2,0.08,0,0,1,1,0,0,0,0,1,1,0,0,0,0,1,1,0,0
111.0,206,260.0,1,5,2,0,19.89,2,0.09,0,0,1,0,1,0,1,0,0,0,0,0,0,0,0,0,0,1
40.0,223,436.94421052631577,0,6,2,1,16.05,6,0.1,0,0,1,0,1,0,1,0,0,0,1,0,0,0,0,0,0,0
43.0,137,376.0,0,0,0,0,1.57,6,0.05,1,0,0,0,0,0,1,0,0,0,0,1,0,0,0,1,0,0
359.0,172,586.0,0,2,4,0,1.06,4,0.13,1,0,0,0,1,0,0,0,0,0,0,0,0,0,0,0,1,0
229.0,43,191.0,0,6,1,1,8.37,1,0.08,0,0,1,1,0,0,0,0,1,0,1,0,0,0,0,0,0,1
61.0,91,158.0,0,6,2,0,5.1,3,0.04,0,0,1,1,0,0,0,1,0,1,0,0,1,0,0,0,0,0
338.0,251,265.0,0,5,1,1,5.79,7,0.11,0,0,0,0,1,0,1,0,0,1,0,0,0,1,0,0,0,1
170.0,32,494.0,0,0,0,1,9.89,2,0.07,0,1,0,0,0,1,1,0,0,0,1,0,0,0,0,0,0,1
228.0,216,697.0,0,0,2,0,5.34,3,0.11,0,0,1,0,1,0,0,0,0,0,0,1,0,1,0,0,0,0
476.0,144,162.0,0,2,1,1,12.22,4,0.16,1,0,0,0,0,1,0,0,1,0,1,0,0,0,1,0,0,0
4.0,89,702.0,1,4,4,0,16.31,3,0.09,1,0,0,0,1,0,0,0,0,0,1,0,0,0,0,1,0,0
264.0,259,643.0,1,6,0,0,6.8,7,0.1,0,0,1,0,1,0,1,0,0,0,1,0,0,1,0,1,0,0
496.0,280,294.0,0,0,2,1,1.18,2,0.14,0,0,0,1,0,0,1,0,0,0,1,0,1,0,0,0,1,0
223.0,40,758.0,1,2,1,1,3.48,2,0.09,0,0,1,0,0,0,1,0,0,0,0,1,0,0,0,0,1,0
13.0,180,153.0,0,6,0,0,10.6,2,0.05,0,0,1,1,0,0,1,0,0,0,0,0,0,0,1,0,1,0
437.0,107,751.0,0,3,3,0,17.36,6,0.19,0,0,1,0,1,0,0,0,1,0,0,0,0,0,1,0,0,1
200.0,44,667.0,0,5,2,1,4.6,6,0.1,0,0,0,0,0,1,0,0,0,1,0,0,1,0,0,0,0,0
248.90947368421052,225,713.0,0,2,1,1,10.62,1,0.17,0,0,0,0,1,0,0,0,1,1,0,0,0,0,1,0,0,1
407.0,162,204.0,0,6,4,0,14.77,7,0.15,0,0,0,1,0,0,0,0,1,0,0,1,0,0,1,0,0,1
460.0,11,715.0,1,9,3,0,17.42,5,0.16,0,0,0,0,0,1,1,0,0,0,1,0,1,0,0,0,0,1
112.0,276,496.0,0,7,2,1,19.63,3,0.1,0,1,0,0,1,0,0,0,1,1,0,0,0,0,1,0,0,0
445.0,279,147.0,0,7,4,1,4.24,1,0.13,0,0,0,0,0,0,0,0,0,0,0,1,0,1,0,0,0,1
489.0,0,304.0,0,9,1,1,17.38,3,0.16,0,0,0,1,0,0,1,0,0,0,0,1,0,0,1,0,0,0
52.0,37,668.0,0,3,1,0,19.64,2,0.11,0,0,1,0,0,0,1,0,0,0,0,1,0,0,1,0,1,0
229.0,212,607.0,0,0,0,0,11.53,1,0.13,1,0,0,0,0,1,0,0,0,0,1,0,0,0,1,0,0,1
175.0,81,114.0,0,2,1,0,5.33,2,0.06,0,0,1,0,0,1,0,0,1,0,1,0,0,0,1,0,1,0
391.0,168,231.0,0,1,0,0,17.6,3,0.16,1,0,0,0,1,0,0,0,0,0,0,0,0,0,0,0,0,1
475.0,35,660.0,0,2,1,1,6.73,3,0.17,1,0,0,1,0,0,0,0,1,1,0,0,0,0,0,0,0,0
156.0,39,630.0,0,6,2,0,13.49,2,0.11,0,0,1,0,0,1,0,1,0,0,1,0,0,0,0,0,0,1
366.0,123,99.0,0,7,4,0,5.78,6,0.08,0,1,0,1,0,0,0,1,0,0,0,0,0,0,1,0,1,0
187.0,4,703.0,0,5,1,0,3.02,6,0.09,0,0,0,0,0,0,0,1,0,0,0,0,0,0,1,0,0,1
43.0,83,339.0,0,9,0,0,9.34,3,0.05,0,1,0,0,0,1,0,0,0,1,0,0,0,0,1,0,0,0
306.0,186,575.0,0,5,3,1,6.5,6,0.14,1,0,0,1,0,0,1,0,0,0,0,0,0,0,0,1,0,0
248.90947368421052,157,683.0,0,9,1,0,5.98,7,0.13,0,0,1,1,0,0,0,1,0,1,0,0,0,0,0,0,0,1
232.0,249,326.0,0,2,0,1,6.47,2,0.1,0,0,1,0,1,0,0,1,0,1,0,0,0,0,1,0,1,0
248.90947368421052,204,729.0,0,7,1,0,10.68,5,0.11,0,1,0,0,1,0,1,0,0,0,1,0,1,0,0,0,0,0
189.0,64,454.0,0,1,3,1,5.58,3,0.09,1,0,0,0,1,0,0,0,1,0,0,0,1,0,0,0,1,0
477.0,36,525.0,0,2,0,1,4.44,4,0.11,0,1,0,1,0,0,0,1,0,0,0,0,0,0,1,1,0,0
95.0,174,131.0,0,1,4,0,9.79,7,0.07,0,0,1,0,0,1,0,1,0,1,0,0,0,0,0,1,0,0
287.0,62,625.0,0,3,1,0,16.21,7,0.14,0,0,0,0,0,0,0,0,1,0,0,0,1,0,0,0,0,1
135.0,81,456.0,0,0,3,0,4.87,2,0.07,0,0,1,0,0,0,0,0,0,0,1,0,0,1,0,0,1,0
329.0,285,429.0,0,7,3,1,18.73,1,0.18,1,0,0,0,0,1,1,0,0,0,0,0,0,0,1,0,1,0
35.0,265,311.0,0,9,1,1,19.63,6,0.09,0,0,1,1,0,0,0,0,0,0,0,0,0,0,0,0,0,1
317.0,165,128.0,1,9,4,1,11.23,5,0.08,0,1,0,0,1,0,0,0,1,0,0,1,1,0,0,0,1,0
366.0,34,203.0,0,1,1,0,5.21,4,0.1,0,0,1,1,0,0,0,1,0,1,0,0,0,0,0,0,1,0
27.0,134,62.0,1,1,3,1,18.79,5,0.06,1,0,0,1,0,0,0,0,1,0,0,1,1,0,0,0,0,1
293.0,165,503.0,1,1,4,0,4.41,3,0.1,0,0,0,1,0,0,1,0,0,0,0,1,0,0,0,0,0,0
128.0,220,180.0,0,2,4,0,5.71,5,0.07,1,0,0,0,0,1,0,1,0,0,0,0,0,0,1,0,0,1
125.0,241,350.0,0,5,1,1,4.3,5,0.08,1,0,0,0,0,0,1,0,0,0,1,0,0,0,1,0,0,1
9.0,22,72.0,0,6,4,0,8.9,2,0.04,0,0,1,0,1,0,0,0,0,0,1,0,0,1,0,0,0,1
230.0,187,713.0,0,3,3,1,10.7,3,0.13,0,0,1,0,0,0,0,0,0,0,0,0,0,1,0,0,0,0
492.0,80,596.0,0,5,2,1,16.52,6,0.2,1,0,0,0,0,1,0,0,0,0,1,0,1,0,0,0,0,1
24.0,259,532.0,0,8,2,1,17.41,5,0.11,1,0,0,1,0,0,0,1,0,0,0,0,0,0,0,0,1,0
248.90947368421052,96,786.0,1,4,0,0,12.01,7,0.1,0,0,1,0,0,0,0,1,0,0,1,0,0,0,0,0,1,0
50.0,157,106.0,1,6,0,1,17.59,3,0.05,0,1,0,0,1,0,1,0,0,0,1,0,1,0,0,0,0,1
251.0,242,535.0,0,8,4,1,18.83,6,0.16,1,0,0,0,1,0,1,0,0,0,0,0,1,0,0,0,0,1
459.0,112,577.0,0,0,0,1,3.63,3,0.14,0,0,0,0,0,1,1,0,0,0,0,0,0,1,0,0,0,0
180.0,128,722.0,0,9,1,0,8.94,3,0.09,0,1,0,0,0,0,1,0,0,0,0,0,0,0,0,0,1,0
337.0,83,173.0,0,8,0,0,17.68,3,0.13,0,0,1,0,0,0,0,1,0,1,0,0,1,0,0,1,0,0
498.0,291,608.0,1,9,1,1,5.07,1,0.14,0,0,1,0,1,0,0,1,0,0,0,1,0,0,0,0,1,0
348.0,110,309.0,0,5,1,1,19.28,6,0.12,0,1,0,0,0,1,0,0,0,0,0,1,0,0,0,0,0,1
130.0,182,651.0,1,6,3,1,15.88,2,0.1,0,0,0,0,1,0,1,0,0,0,0,1,0,0,1,0,0,1
145.0,245,189.0,0,6,0,0,12.25,6,0.07,0,1,0,1,0,0,0,0,1,1,0,0,0,1,0,0,0,1
483.0,100,558.0,0,3,2,1,15.85,2,0.2,1,0,0,1,0,0,0,0,0,1,0,0,0,0,1,0,0,1
330.0,218,608.0,0,5,0,0,13.57,6,0.16,1,0,0,1,0,0,0,0,0,0,0,0,0,1,0,0,0,1
160.0,260,240.0,0,7,1,0,8.1,1,0.08,0,0,1,0,0,0,0,0,1,0,0,1,0,0,1,0,0,1
142.0,132,589.0,0,8,0,1,14.49,7,0.11,0,0,0,0,1,0,0,0,0,0,0,0,0,0,0,0,0,1
484.0,145,461.0,1,0,2,0,3.4,7,0.12,0,0,1,0,0,0,0,0,1,0,0,1,0,0,0,0,0,0
248.90947368421052,28,430.0,0,0,3,0,1.77,1,0.05,1,0,0,0,0,1,0,0,0,0,1,0,0,1,0,0,0,1
256.0,162,245.0,0,6,1,1,6.67,5,0.1,1,0,0,0,0,0,0,0,0,0,1,0,0,0,0,0,0,1
410.0,92,620.0,1,0,4,0,10.34,1,0.13,0,0,1,0,0,0,0,1,0,0,0,0,0,0,0,0,0,1
193.0,281,744.0,0,9,3,1,14.23,4,0.14,0,0,1,1,0,0,1,0,0,0,1,0,1,0,0,0,0,1
246.0,263,156.0,1,8,0,1,3.42,7,0.08,1,0,0,0,0,0,0,0,1,0,1,0,1,0,0,1,0,0
285.0,287,480.0,1,3,0,1,14.91,2,0.09,0,1,0,0,1,0,0,1,0,0,0,0,0,0,0,0,0,1
416.0,284,76.0,1,8,1,1,5.23,3,0.08,0,1,0,0,0,0,0,0,0,1,0,0,0,0,1,0,1,0
327.0,248,463.0,1,0,2,0,15.66,4,0.13,0,0,1,1,0,0,1,0,0,0,0,1,0,0,1,0,0,0
402.0,159,317.0,0,4,1,0,19.73,1,0.16,0,0,1,0,0,1,0,0,0,1,0,0,1,0,0,0,0,0
487.0,107,502.0,0,9,1,1,7.22,6,0.15,0,0,0,0,0,1,1,0,0,0,0,1,0,1,0,0,1,0
107.0,131,738.0,0,9,3,1,14.75,6,0.12,0,0,1,0,0,1,0,0,0,0,0,0,0,1,0,0,0,1
189.0,269,598.0,0,5,4,1,18.92,3,0.16,1,0,0,0,0,0,0,0,0,0,1,0,0,0,0,1,0,0
359.0,292,647.0,1,3,0,1,8.31,7,0.13,0,0,1,0,0,0,0,0,1,0,0,0,0,0,0,1,0,0
14.0,223,398.0,0,8,3,0,7.94,1,0.07,1,0,0,0,0,0,0,0,0,0,1,0,0,0,1,0,0,0
147.0,6,593.0,0,6,0,1,6.14,7,0.09,1,0,0,0,1,0,0,0,0,1,0,0,0,1,0,0,1,0
314.0,14,203.0,0,3,4,0,14.38,4,0.12,0,0,1,0,1,0,0,1,0,0,0,1,0,0,0,0,0,1
474.0,105,122.0,0,2,3,1,8.44,4,0.11,0,1,0,0,0,0,1,0,0,0,1,0,0,0,1,1,0,0
408.0,117,386.0,1,0,2,0,8.47,1,0.13,1,0,0,0,0,0,0,0,1,0,0,0,0,0,1,0,0,0
62.0,21,191.0,1,6,1,0,15.14,6,0.06,1,0,0,0,0,0,0,0,0,1,0,0,1,0,0,1,0,0
337.0,225,187.0,0,7,2,1,17.34,5,0.15,1,0,0,0,0,1,1,0,0,1,0,0,0,0,0,0,1,0
75.0,257,469.0,0,4,3,1,6.0,4,0.06,0,1,0,0,1,0,0,1,0,0,1,0,0,0,1,0,0,1
128.0,18,381.0,0,6,1,0,3.84,7,0.06,0,0,1,0,0,0,1,0,0,0,0,1,1,0,0,1,0,0
358.0,221,448.0,1,0,3,0,3.49,4,0.1,0,0,1,1,0,0,0,0,0,0,0,1,1,0,0,0,1,0
122.0,153,259.0,1,3,1,0,4.93,1,0.06,1,0,0,1,0,0,0,0,1,0,0,1,0,0,1,0,0,1
329.0,277,94.0,0,1,4,0,7.42,1,0.11,0,0,0,0,1,0,0,0,0,0,0,1,0,0,1,0,1,0
114.0,142,374.0,0,1,0,0,13.33,7,0.1,1,0,0,0,0,0,1,0,0,1,0,0,0,0,0,0,0,1
216.0,215,425.0,0,9,1,0,5.07,4,0.1,0,0,0,0,1,0,1,0,0,0,0,0,0,0,0,1,0,0
472.0,299,431.0,0,8,4,1,15.55,3,0.15,0,1,0,0,0,0,0,1,0,0,1,0,0,1,0,0,1,0
75.0,129,465.0,1,5,1,1,4.12,6,0.05,0,0,1,0,1,0,0,0,0,0,1,0,0,0,0,0,0,0
25.0,142,473.0,0,1,1,1,4.87,4,0.05,0,0,1,0,0,1,1,0,0,1,0,0,0,0,1,0,0,1
248.90947368421052,71,637.0,0,7,4,1,13.6,6,0.17,1,0,0,0,0,1,0,1,0,0,1,0,0,1,0,0,0,0
270.0,265,518.0,1,7,1,1,3.84,4,0.08,0,1,0,0,0,1,0,0,1,0,0,1,0,0,0,1,0,0
304.0,268,752.0,0,0,2,1,5.81,4,0.14,0,0,1,1,0,0,0,0,0,0,0,1,0,0,1,1,0,0
32.0,159,212.0,0,4,1,1,13.24,1,0.06,0,0,1,1,0,0,1,0,0,0,1,0,1,0,0,1,0,0
223.0,109,219.0,0,7,2,1,7.94,2,0.09,0,0,0,0,1,0,0,0,1,0,0,1,0,0,1,0,1,0
100.0,232,645.0,1,5,4,1,6.14,3,0.08,0,0,1,0,1,0,0,1,0,0,0,0,0,0,1,0,0,1
99.0,130,549.0,1,8,3,1,14.53,2,0.09,0,0,1,0,1,0,0,0,0,0,0,1,0,1,0,0,0,0
248.90947368421052,18,529.0,1,3,1,0,8.84,6,0.07,0,1,0,0,1,0,0,0,0,0,1,0,0,1,0,1,0,0
174.0,2,87.0,0,5,3,1,10.88,2,0.07,0,0,1,0,0,1,0,0,0,1,0,0,0,1,0,1,0,0
364.0,127,533.0,0,0,3,1,15.18,1,0.12,0,1,0,0,0,0,0,0,1,0,0,0,0,1,0,0,0,1
144.0,20,740.0,0,0,4,1,19.58,5,0.13,0,0,0,0,1,0,1,0,0,0,0,1,0,0,1,1,0,0
169.0,88,392.0,1,3,4,1,9.53,7,0.06,0,1,0,0,0,0,0,0,1,1,0,0,0,0,1,0,0,0
148.0,255,74.0,1,3,3,0,11.4,3,0.07,0,0,0,0,0,1,0,0,0,0,0,1,0,0,0,0,0,0
470.0,113,117.0,0,0,4,1,19.92,7,0.13,0,1,0,0,0,1,0,0,0,0,0,0,0,0,0,1,0,0
484.0,87,436.94421052631577,0,0,4,1,1.22,2,0.14,0,0,0,0,0,1,0,0,1,1,0,0,0,0,0,0,0,0
492.0,41,535.0,0,3,4,1,18.57,4,0.19,0,0,1,0,0,0,0,1,0,0,0,0,0,0,0,0,1,0
222.0,66,360.0,1,7,2,0,3.34,7,0.08,1,0,0,1,0,0,1,0,0,0,0,1,1,0,0,0,0,1
445.0,91,659.0,1,9,4,0,15.51,2,0.15,0,0,0,0,0,1,1,0,0,0,0,1,0,1,0,0,0,1
293.0,107,436.94421052631577,1,6,3,1,1.99,5,0.1,1,0,0,0,0,0,1,0,0,0,1,0,1,0,0,0,0,1
372.0,79,434.0,0,8,4,0,8.4,5,0.14,1,0,0,1,0,0,1,0,0,0,0,1,1,0,0,0,0,0
26.0,292,591.0,1,9,0,1,4.28,7,0.05,0,1,0,1,0,0,0,0,1,0,0,0,0,1,0,0,1,0
211.0,268,679.0,0,0,0,1,14.63,3,0.13,0,0,0,0,1,0,1,0,0,0,1,0,0,0,1,0,1,0
139.0,151,777.0,1,0,0,1,3.91,1,0.08,0,0,1,1,0,0,0,0,0,0,0,0,0,1,0,0,0,0
472.0,146,626.0,1,3,3,1,3.15,7,0.1,0,1,0,1,0,0,1,0,0,1,0,0,1,0,0,0,1,0
344.0,38,672.0,0,9,2,1,14.88,2,0.15,0,0,1,0,0,0,1,0,0,1,0,0,0,0,0,1,0,0
449.0,18,232.0,1,4,4,0,19.27,6,0.14,0,0,1,0,0,0,0,1,0,0,0,0,0,0,1,0,0,0
130.0,294,724.0,0,9,1,1,7.07,3,0.1,0,0,1,1,0,0,0,1,0,0,0,1,0,0,1,1,0,0
301.0,7,369.0,1,5,4,0,17.67,5,0.13,1,0,0,0,0,1,0,0,0,0,0,0,0,1,0,1,0,0
311.0,29,593.0,0,1,4,1,12.42,5,0.15,1,0,0,0,0,0,0,1,0,0,0,0,0,1,0,0,1,0
444.0,47,165.0,0,6,1,0,11.99,2,0.15,1,0,0,0,0,0,0,0,1,0,0,0,0,0,0,1,0,0
172.0,219,628.0,0,4,2,1,19.11,2,0.13,0,0,1,1,0,0,1,0,0,0,1,0,1,0,0,0,0,1
248.0,133,492.0,1,6,4,1,9.42,3,0.08,0,1,0,0,0,0,0,0,0,1,0,0,0,0,0,1,0,0
51.0,191,70.0,0,6,0,0,15.93,4,0.07,0,0,1,0,1,0,0,0,0,0,0,1,0,0,1,0,0,1
258.0,270,124.0,0,5,2,1,8.03,2,0.1,0,0,0,0,1,0,0,1,0,0,1,0,0,0,1,1,0,0
219.0,78,71.0,0,8,1,1,17.56,7,0.1,0,0,1,0,0,1,0,0,1,0,0,1,1,0,0,0,0,1
489.0,72,325.0,1,0,3,0,6.04,5,0.12,0,0,0,0,0,1,0,1,0,1,0,0,0,0,0,0,0,0
241.0,107,123.0,0,5,2,0,19.06,2,0.09,0,1,0,0,0,1,0,0,0,1,0,0,0,0,1,1,0,0
28.0,33,151.0,0,3,3,1,18.91,3,0.08,1,0,0,0,0,0,0,0,1,0,1,0,0,0,0,1,0,0
354.0,35,390.0,1,9,3,1,10.42,7,0.11,0,0,1,0,0,1,1,0,0,1,0,0,0,0,1,0,0,0
285.0,294,495.0,0,4,1,1,14.49,6,0.14,0,0,0,0,0,1,0,1,0,0,1,0,1,0,0,0,0,0
248.90947368421052,205,231.0,0,4,0,0,14.46,4,0.12,0,0,1,0,1,0,0,1,0,0,0,1,0,0,0,0,0,0
241.0,150,197.0,0,9,2,0,2.23,2,0.06,0,1,0,0,0,1,0,0,1,0,1,0,0,1,0,0,1,0
134.0,234,457.0,1,1,1,0,2.35,3,0.06,0,0,0,0,0,0,0,1,0,0,1,0,0,1,0,0,0,1
416.0,143,221.0,0,8,2,1,10.56,7,0.14,0,0,1,0,0,1,0,1,0,0,0,1,1,0,0,0,0,0
252.0,141,242.0,0,6,2,1,3.36,5,0.08,0,0,0,0,1,0,0,0,1,0,0,1,0,0,1,1,0,0
142.0,159,584.0,1,9,4,1,1.58,7,0.07,0,0,1,0,0,0,0,0,0,0,0,0,1,0,0,0,0,1
295.0,8,449.0,0,7,3,1,19.59,6,0.14,0,0,1,0,1,0,0,0,1,1,0,0,0,0,1,0,0,0
330.0,20,543.0,1,0,0,1,9.5,2,0.12,1,0,0,0,1,0,1,0,0,1,0,0,0,1,0,1,0,0
64.0,4,721.0,0,2,4,1,17.65,4,0.12,1,0,0,0,0,1,0,0,1,0,0,1,0,0,0,1,0,0
350.0,266,448.0,1,1,2,1,8.82,3,0.11,0,0,1,1,0,0,1,0,0,0,1,0,1,0,0,0,0,1
175.0,170,786.0,0,0,2,1,18.05,5,0.14,0,0,0,1,0,0,0,0,0,0,0,1,0,1,0,0,1,0
127.0,275,259.0,0,4,2,1,16.74,2,0.08,0,1,0,1,0,0,1,0,0,1,0,0,1,0,0,0,0,1
164.0,51,636.0,1,3,4,1,16.54,5,0.11,1,0,0,1,0,0,1,0,0,0,0,0,1,0,0,0,0,0
123.0,117,393.0,1,1,1,0,8.67,6,0.07,1,0,0,1,0,0,1,0,0,1,0,0,0,1,0,0,0,0
366.0,189,408.0,1,4,1,1,2.67,4,0.08,0,1,0,0,0,1,0,1,0,0,0,1,0,0,0,1,0,0
146.0,258,623.0,1,9,1,0,17.07,4,0.11,0,0,1,0,0,0,0,0,0,0,0,0,0,1,0,0,1,0
409.0,175,303.0,0,0,2,1,16.08,6,0.15,0,0,1,1,0,0,0,1,0,1,0,0,0,0,0,0,0,1
248.90947368421052,152,168.0,0,9,2,0,4.94,5,0.08,0,0,0,0,0,0,1,0,0,0,0,0,1,0,0,0,0,0
27.0,132,774.0,0,6,2,0,14.17,4,0.08,0,1,0,0,1,0,1,0,0,0,1,0,0,0,1,1,0,0
207.0,27,628.0,1,0,4,1,13.52,7,0.11,1,0,0,0,0,0,0,1,0,1,0,0,0,0,1,0,1,0
191.0,255,344.0,1,5,2,0,14.61,2,0.08,0,1,0,0,0,1,1,0,0,0,1,0,1,0,0,0,1,0
159.0,25,436.94421052631577,0,0,3,1,1.62,3,0.06,0,1,0,1,0,0,0,0,1,0,0,0,0,1,0,0,0,1
253.0,268,563.0,0,1,4,0,3.4,2,0.11,0,0,1,0,1,0,1,0,0,1,0,0,0,1,0,1,0,0
396.0,159,214.0,1,2,3,0,9.43,2,0.12,1,0,0,0,1,0,0,0,1,0,0,0,1,0,0,0,1,0
102.0,102,454.0,0,1,2,1,7.1,6,0.07,0,0,0,0,1,0,1,0,0,0,0,0,0,1,0,0,0,0
234.0,61,734.0,1,0,1,1,11.58,6,0.11,0,0,0,0,0,0,0,0,1,1,0,0,0,1,0,0,0,0
235.0,226,181.0,0,2,1,1,5.48,5,0.08,0,0,1,0,1,0,0,1,0,0,0,1,0,0,1,0,1,0
191.0,180,333.0,0,0,0,1,8.65,1,0.09,0,0,1,0,0,1,0,0,1,0,0,1,0,0,0,0,0,1
217.0,231,426.0,1,3,0,0,2.1,5,0.06,0,1,0,0,1,0,0,1,0,0,0,0,0,1,0,0,1,0
151.0,23,326.0,0,2,3,1,14.6,2,0.09,0,0,1,1,0,0,0,0,1,0,1,0,1,0,0,0,0,0
254.0,193,517.0,0,2,4,1,8.91,5,0.1,0,1,0,0,0,0,0,1,0,0,1,0,1,0,0,0,0,0
267.0,24,84.0,1,4,0,0,15.83,5,0.09,0,0,0,0,0,1,0,0,0,0,0,1,0,0,0,0,0,0
102.0,262,750.0,0,5,2,0,6.5,5,0.1,0,0,0,0,0,0,0,1,0,0,0,0,0,0,0,0,0,0
486.0,292,436.94421052631577,1,7,3,1,18.07,7,0.16,0,0,0,0,1,0,1,0,0,0,1,0,0,1,0,0,1,0
326.0,41,780.0,1,6,1,1,3.05,3,0.12,1,0,0,0,0,0,0,0,0,0,0,0,0,1,0,0,0,1
150.0,94,174.0,0,3,1,0,2.43,2,0.05,0,0,0,0,1,0,0,0,1,0,0,1,1,0,0,0,1,0
238.0,201,317.0,0,9,3,0,12.58,7,0.11,0,0,1,0,0,1,1,0,0,0,1,0,0,0,0,0,1,0
323.0,288,616.0,0,6,0,0,1.42,4,0.13,1,0,0,0,1,0,0,0,1,0,1,0,0,0,0,0,0,0
383.0,79,509.0,1,9,0,1,8.71,4,0.09,0,1,0,0,1,0,0,1,0,0,0,1,1,0,0,0,0,0
40.0,6,597.0,1,4,2,1,19.42,3,0.08,0,0,0,0,0,0,0,0,0,0,0,0,0,0,0,0,0,1
131.0,191,736.0,1,3,0,1,10.98,2,0.1,1,0,0,1,0,0,1,0,0,0,0,1,1,0,0,0,1,0
219.0,279,427.0,0,9,2,1,3.72,5,0.11,1,0,0,0,1,0,1,0,0,1,0,0,0,1,0,0,0,0
172.0,37,591.0,0,8,2,1,8.55,1,0.1,0,0,1,0,1,0,0,0,1,0,0,1,0,0,0,0,0,0
124.0,50,714.0,1,2,0,0,9.13,4,0.08,0,0,0,1,0,0,0,1,0,0,1,0,0,1,0,0,0,0
248.90947368421052,220,322.0,0,8,2,1,18.69,4,0.09,0,0,0,0,0,0,0,1,0,0,1,0,0,0,1,0,1,0
222.0,146,436.94421052631577,0,1,3,1,6.39,5,0.12,0,0,0,0,1,0,0,1,0,0,0,1,0,0,1,1,0,0
396.0,287,436.94421052631577,1,1,1,0,18.48,2,0.16,0,0,0,1,0,0,0,1,0,0,0,0,0,0,1,1,0,0
260.0,190,592.0,0,6,1,0,1.34,6,0.08,0,1,0,0,1,0,0,0,1,1,0,0,0,0,1,0,0,0
378.0,169,618.0,0,9,3,1,9.38,4,0.12,0,1,0,0,1,0,0,1,0,0,0,1,1,0,0,0,0,0
412.0,81,437.0,0,5,3,1,2.8,1,0.12,0,0,0,0,0,1,0,1,0,0,0,1,1,0,0,1,0,0
7.0,118,436.94421052631577,0,2,4,1,12.63,6,0.05,0,1,0,0,1,0,0,0,1,0,1,0,0,0,0,0,0,1
486.0,252,591.0,0,8,1,1,3.66,7,0.16,0,0,0,0,1,0,1,0,0,0,0,1,0,1,0,1,0,0
221.0,48,654.0,0,1,1,0,10.06,4,0.11,0,0,0,0,0,1,0,0,1,0,0,1,0,1,0,0,0,1
414.0,149,750.0,0,6,0,1,5.4,3,0.15,0,0,1,0,0,0,0,1,0,0,0,0,0,0,0,0,0,1
379.0,183,169.0,0,7,4,1,3.94,1,0.12,1,0,0,0,1,0,0,0,0,0,0,1,0,1,0,0,0,1
419.0,21,65.0,1,6,4,0,5.8,1,0.1,1,0,0,1,0,0,0,1,0,0,0,1,1,0,0,1,0,0
248.90947368421052,191,436.94421052631577,0,1,1,0,3.39,5,0.04,0,0,1,0,0,0,1,0,0,0,0,1,1,0,0,0,0,0
379.0,283,475.0,0,1,3,0,1.42,4,0.13,0,0,1,0,0,0,0,0,0,0,0,0,0,1,0,0,0,0
166.0,9,196.0,0,0,4,1,6.45,6,0.07,1,0,0,0,1,0,0,1,0,1,0,0,0,0,0,0,0,0
121.0,59,505.0,0,8,4,0,3.35,2,0.07,0,0,0,1,0,0,0,0,1,0,0,1,1,0,0,0,1,0
162.0,268,735.0,0,9,1,1,7.26,4,0.09,0,1,0,1,0,0,0,0,1,0,0,0,1,0,0,0,0,1
389.0,277,452.0,1,3,2,0,18.82,3,0.14,0,0,1,0,1,0,1,0,0,0,0,1,0,1,0,0,0,1
221.0,203,180.0,0,7,4,0,10.24,7,0.08,0,1,0,0,0,1,1,0,0,0,0,1,1,0,0,0,1,0
0.0,166,158.0,1,0,2,1,2.92,3,0.02,0,1,0,0,1,0,0,1,0,0,0,0,0,0,0,0,0,1
129.0,101,485.0,0,3,2,1,3.85,3,0.06,0,1,0,0,1,0,0,0,0,0,0,1,0,1,0,1,0,0
159.0,201,213.0,0,9,3,0,17.39,3,0.12,1,0,0,0,0,1,0,0,0,0,0,0,0,0,1,0,0,1
193.0,129,50.0,0,7,2,0,12.13,2,0.07,0,1,0,0,0,1,1,0,0,1,0,0,0,0,0,0,0,1
187.0,175,612.0,0,1,4,1,15.41,3,0.1,0,1,0,0,0,1,0,1,0,0,0,1,0,1,0,0,0,1
206.0,195,197.0,1,7,2,1,9.38,2,0.08,1,0,0,1,0,0,0,0,0,0,0,0,0,1,0,0,0,1
142.0,28,433.0,0,5,3,1,4.42,3,0.07,0,0,1,1,0,0,0,1,0,0,1,0,0,1,0,1,0,0
225.0,19,556.0,1,9,4,1,7.55,3,0.09,0,0,0,1,0,0,1,0,0,0,0,1,1,0,0,1,0,0
136.0,7,699.0,1,0,1,0,19.54,2,0.1,0,0,0,0,1,0,0,1,0,0,0,0,0,1,0,0,0,1
391.0,92,450.0,1,0,1,1,13.91,7,0.12,0,0,0,0,1,0,0,1,0,1,0,0,0,0,0,1,0,0
222.0,82,432.0,0,8,4,1,4.26,3,0.1,1,0,0,0,0,1,0,1,0,0,1,0,0,0,1,0,1,0
176.0,129,723.0,0,5,2,1,1.73,2,0.09,0,0,0,0,0,1,0,0,0,0,0,0,0,0,0,0,0,0
248.90947368421052,163,725.0,0,9,2,0,8.46,2,0.16,0,0,1,1,0,0,1,0,0,0,0,1,0,0,1,0,0,1
248.90947368421052,286,392.0,1,5,2,1,3.99,5,0.1,0,1,0,1,0,0,0,1,0,1,0,0,1,0,0,1,0,0
57.0,7,537.0,0,4,4,1,9.67,1,0.08,1,0,0,1,0,0,0,0,0,0,0,1,1,0,0,0,0,1
64.0,185,123.0,0,7,4,0,14.22,5,0.08,1,0,0,0,0,0,0,1,0,1,0,0,0,0,1,0,0,1
184.0,124,162.0,0,7,0,1,5.38,7,0.07,0,0,1,0,1,0,0,0,0,1,0,0,0,0,1,0,0,1
162.0,144,240.0,1,3,3,1,16.28,4,0.09,0,0,1,0,0,0,1,0,0,0,0,0,0,0,0,0,0,1
98.0,96,329.0,1,1,3,0,9.78,2,0.05,0,1,0,0,0,0,0,1,0,0,1,0,1,0,0,0,0,1
402.0,265,403.0,0,9,3,1,12.28,6,0.16,0,0,1,0,0,0,0,1,0,0,0,0,0,0,0,1,0,0
74.0,165,80.0,0,4,1,1,3.14,2,0.03,0,1,0,0,0,1,0,0,1,0,0,0,0,1,0,1,0,0
0.0,287,433.0,0,7,2,1,17.85,6,0.09,0,0,1,1,0,0,0,0,0,0,1,0,0,1,0,1,0,0
283.0,174,92.0,1,1,1,1,4.01,3,0.07,0,0,0,0,1,0,0,0,0,0,0,0,0,0,0,1,0,0
68.0,187,704.0,0,9,2,0,17.3,3,0.12,1,0,0,1,0,0,0,0,1,1,0,0,0,0,1,0,0,0
53.0,10,463.0,0,3,0,1,9.03,7,0.06,0,0,1,1,0,0,0,1,0,0,0,1,0,0,1,0,0,0
495.0,231,448.0,0,5,3,0,7.47,3,0.18,1,0,0,0,1,0,1,0,0,1,0,0,0,1,0,0,0,0
220.0,182,316.0,1,9,0,1,1.22,5,0.07,1,0,0,0,1,0,0,0,0,0,0,0,0,0,0,1,0,0
440.0,152,237.0,1,4,1,1,15.5,5,0.13,0,0,1,0,0,0,0,0,0,1,0,0,0,0,0,0,0,1
191.0,142,776.0,0,2,3,1,4.12,7,0.09,0,1,0,0,0,0,0,0,1,0,0,0,1,0,0,0,1,0
341.0,220,548.0,0,1,3,0,10.78,2,0.14,0,0,0,0,1,0,0,0,1,0,1,0,0,0,1,0,0,0
121.0,38,795.0,1,8,1,1,9.23,7,0.08,0,0,0,0,1,0,1,0,0,0,1,0,1,0,0,0,0,0
421.0,281,669.0,1,4,1,1,9.44,2,0.11,0,1,0,0,1,0,0,0,1,0,0,1,1,0,0,0,0,1
4.0,228,436.94421052631577,0,6,1,1,10.9,1,0.07,0,0,0,0,0,1,1,0,0,1,0,0,0,0,0,0,1,0
392.0,131,531.0,1,7,0,1,5.06,6,0.11,0,0,0,0,0,1,0,0,1,1,0,0,0,0,0,0,1,0
267.0,63,430.0,1,8,2,1,5.59,5,0.08,0,0,0,0,1,0,1,0,0,0,1,0,1,0,0,0,1,0
6.0,180,573.0,0,7,0,1,7.25,5,0.07,1,0,0,0,1,0,0,1,0,0,0,0,0,0,0,0,0,1
96.0,0,473.0,1,4,3,0,15.6,3,0.06,0,1,0,0,1,0,0,0,0,0,0,0,1,0,0,0,0,0
212.0,39,554.0,1,2,1,0,1.2,6,0.07,0,0,1,1,0,0,0,0,0,0,0,0,0,1,0,0,0,0
395.0,54,237.0,0,5,4,1,8.8,4,0.14,1,0,0,0,1,0,0,0,1,1,0,0,0,0,0,0,0,0
224.0,14,71.0,1,9,3,0,8.54,5,0.07,1,0,0,0,1,0,0,1,0,0,0,1,0,0,0,0,0,0
248.90947368421052,7,369.0,0,4,0,1,11.72,7,0.16,1,0,0,0,0,0,0,0,1,1,0,0,1,0,0,0,1,0
57.0,99,633.0,0,6,0,1,2.97,6,0.06,0,0,0,0,0,0,0,0,0,0,1,0,0,1,0,1,0,0
249.0,57,262.0,1,4,2,0,8.64,6,0.09,1,0,0,1,0,0,0,0,1,1,0,0,0,0,0,0,0,0
207.0,261,466.0,0,1,1,0,14.07,7,0.13,1,0,0,0,1,0,0,0,1,0,0,0,1,0,0,0,0,0
222.0,91,213.0,0,7,4,0,12.57,3,0.1,0,0,1,0,1,0,0,0,1,1,0,0,0,0,0,1,0,0
216.0,112,131.0,0,4,0,0,18.71,6,0.11,0,0,0,1,0,0,0,0,0,0,1,0,0,1,0,0,0,1
384.0,161,161.0,0,8,4,1,15.13,1,0.15,1,0,0,0,1,0,0,1,0,1,0,0,0,0,1,1,0,0
248.90947368421052,259,686.0,0,2,3,1,8.41,7,0.16,0,0,1,0,0,1,0,0,1,0,1,0,0,0,0,1,0,0
324.0,257,328.0,0,1,4,0,12.14,3,0.15,1,0,0,0,0,1,1,0,0,0,1,0,0,0,1,0,0,1
248.90947368421052,263,737.0,0,5,1,1,8.26,3,0.09,0,1,0,0,0,1,1,0,0,0,1,0,0,0,0,0,0,0
452.0,166,612.0,0,6,4,0,2.67,6,0.12,0,1,0,0,1,0,1,0,0,1,0,0,0,1,0,0,0,0
397.0,9,362.0,1,4,3,1,18.38,1,0.14,1,0,0,1,0,0,1,0,0,1,0,0,0,1,0,0,0,0
202.0,104,190.0,0,3,1,0,19.06,5,0.09,0,1,0,0,0,0,0,1,0,1,0,0,0,1,0,0,1,0
284.0,230,489.0,0,1,4,0,1.85,2,0.11,0,0,1,1,0,0,0,1,0,0,0,0,1,0,0,0,0,0
59.0,158,426.0,0,9,3,0,4.23,7,0.06,0,0,0,0,1,0,0,0,0,0,1,0,0,0,0,0,0,0
95.0,205,263.0,0,9,0,1,17.31,5,0.09,0,0,0,0,1,0,0,0,1,0,0,0,0,0,1,0,0,0
356.0,13,606.0,0,6,2,0,16.4,1,0.12,0,1,0,1,0,0,1,0,0,1,0,0,0,1,0,1,0,0
277.0,137,707.0,1,7,2,0,3.42,1,0.11,1,0,0,0,1,0,0,0,0,0,0,1,0,0,0,0,0,0
153.0,290,643.0,0,8,1,0,11.57,7,0.13,1,0,0,0,0,1,0,0,0,0,0,0,1,0,0,1,0,0
342.0,178,227.0,1,4,3,0,5.33,6,0.07,0,1,0,1,0,0,0,0,1,0,0,1,0,1,0,0,1,0
151.0,185,595.0,1,3,0,0,19.16,6,0.12,1,0,0,0,1,0,0,0,0,1,0,0,1,0,0,0,0,1
455.0,20,711.0,1,9,1,0,11.21,6,0.14,0,0,0,0,1,0,1,0,0,0,1,0,0,0,0,1,0,0
285.0,235,578.0,1,5,1,1,10.83,6,0.11,0,0,0,0,1,0,1,0,0,1,0,0,0,0,0,0,0,0
412.0,282,370.0,0,7,1,1,9.76,7,0.15,0,0,1,0,0,1,1,0,0,0,1,0,0,0,1,1,0,0
446.0,149,264.0,0,4,1,1,6.53,3,0.11,0,1,0,0,0,0,0,0,1,0,0,1,0,0,1,0,1,0
98.0,156,138.0,0,6,0,1,19.87,6,0.09,0,0,0,0,0,1,0,0,1,0,0,0,0,0,1,1,0,0
150.0,210,276.0,0,6,0,1,10.76,3,0.07,0,1,0,0,0,1,0,0,1,0,0,0,1,0,0,0,0,0
473.0,76,250.0,1,3,4,1,9.53,5,0.12,0,0,1,0,0,0,0,0,1,0,0,0,1,0,0,0,0,0
461.0,240,381.0,0,3,4,1,7.44,1,0.15,0,0,0,0,1,0,0,0,1,0,0,0,0,0,0,0,1,0
143.0,262,548.0,1,2,0,1,17.98,7,0.11,1,0,0,0,0,0,0,0,1,0,1,0,0,1,0,0,1,0
407.0,121,115.0,1,2,4,1,8.58,2,0.11,1,0,0,1,0,0,0,1,0,0,1,0,0,1,0,0,0,0
440.0,148,436.94421052631577,0,9,0,1,15.72,3,0.17,1,0,0,1,0,0,0,0,0,0,0,0,0,0,0,0,1,0
372.0,160,202.0,0,0,1,0,10.35,1,0.12,0,0,0,0,0,1,0,0,0,1,0,0,1,0,0,0,0,0
201.0,231,372.0,1,4,1,1,2.59,5,0.06,0,1,0,0,0,1,0,0,0,1,0,0,1,0,0,0,0,1
132.0,228,113.0,0,9,1,1,6.03,1,0.06,0,0,0,0,0,0,1,0,0,0,0,0,1,0,0,1,0,0
237.0,101,499.0,0,9,2,1,9.96,2,0.11,0,0,1,1,0,0,0,0,0,0,0,1,1,0,0,0,0,1
69.0,119,212.0,1,6,1,1,9.28,2,0.05,0,0,1,0,0,1,0,1,0,0,0,0,0,1,0,0,0,0
179.0,51,697.0,1,1,3,1,19.29,3,0.09,0,1,0,0,1,0,0,1,0,0,1,0,1,0,0,0,0,0
252.0,43,582.0,0,9,2,0,19.73,3,0.11,0,1,0,0,0,0,1,0,0,0,1,0,0,0,1,0,0,0
349.0,240,453.0,0,1,1,1,14.14,5,0.15,0,0,0,1,0,0,1,0,0,0,1,0,1,0,0,0,1,0
338.0,155,188.0,0,3,0,0,13.23,1,0.12,0,0,0,0,1,0,0,0,1,0,0,1,1,0,0,1,0,0
359.0,176,789.0,0,9,3,1,11.48,1,0.16,0,0,0,0,0,0,1,0,0,0,1,0,0,1,0,0,0,0
178.0,236,112.0,0,1,0,0,18.48,7,0.1,0,0,1,0,1,0,0,1,0,0,0,0,1,0,0,0,0,1
406.0,38,319.0,0,3,4,1,16.74,3,0.15,0,0,0,0,0,1,0,1,0,0,0,0,1,0,0,0,0,0
390.0,290,708.0,0,2,0,0,11.53,5,0.13,0,1,0,1,0,0,0,0,0,0,0,0,1,0,0,0,1,0
252.0,95,747.0,1,3,3,1,6.47,4,0.1,0,0,0,0,0,1,0,0,0,0,0,1,0,0,1,1,0,0
321.0,227,628.0,1,0,2,1,1.18,1,0.11,1,0,0,0,1,0,0,0,1,0,1,0,0,0,0,0,1,0
226.0,112,668.0,0,3,0,1,10.06,4,0.12,0,0,1,0,1,0,1,0,0,0,1,0,0,0,1,0,0,1
340.0,72,133.0,0,6,2,1,9.31,7,0.09,0,1,0,1,0,0,1,0,0,0,0,1,0,0,0,0,1,0
159.0,110,696.0,1,0,2,0,11.86,6,0.08,0,1,0,0,0,1,1,0,0,0,0,0,0,1,0,1,0,0
18.0,283,62.0,0,1,0,1,5.82,3,0.04,1,0,0,0,0,0,0,0,1,1,0,0,1,0,0,0,0,1
251.0,128,97.0,0,5,4,1,12.97,3,0.1,0,0,1,0,1,0,0,0,1,0,1,0,1,0,0,0,0,1
227.0,202,339.0,0,6,0,0,7.16,5,0.1,0,0,0,1,0,0,0,0,0,0,0,0,0,0,0,0,1,0
113.0,48,253.0,0,2,3,1,1.08,3,0.05,0,0,0,0,1,0,0,0,1,1,0,0,0,1,0,0,1,0
401.0,2,352.0,1,2,1,1,11.41,4,0.11,0,0,0,0,0,0,1,0,0,1,0,0,0,0,0,1,0,0
100.0,143,670.0,1,2,4,0,5.51,6,0.07,0,0,0,0,1,0,0,1,0,1,0,0,0,1,0,0,0,0
232.0,207,728.0,0,7,4,1,10.78,5,0.13,0,0,1,0,0,0,1,0,0,0,1,0,0,0,0,0,0,1
163.0,66,436.94421052631577,0,4,2,1,1.65,7,0.09,1,0,0,1,0,0,0,0,1,1,0,0,0,0,1,0,0,1
364.0,38,239.0,0,1,4,0,17.89,1,0.11,0,1,0,0,1,0,1,0,0,1,0,0,1,0,0,0,1,0
151.0,120,79.0,0,6,0,0,7.52,7,0.07,1,0,0,0,1,0,0,0,0,1,0,0,0,1,0,0,1,0
372.0,184,436.94421052631577,0,5,4,1,8.95,6,0.15,0,0,0,0,1,0,0,0,1,1,0,0,0,1,0,0,0,1
57.0,140,311.0,1,9,3,1,1.23,1,0.04,0,0,0,0,0,0,0,1,0,1,0,0,1,0,0,0,0,0
189.0,276,335.0,1,9,3,0,14.67,3,0.1,0,0,0,0,0,1,1,0,0,0,0,0,0,0,1,0,1,0
12.0,57,227.0,0,9,0,1,16.41,3,0.06,0,0,0,0,0,0,0,1,0,0,1,0,0,0,0,0,1,0
472.0,13,436.94421052631577,0,7,0,0,11.58,4,0.16,0,0,1,0,0,1,0,0,1,1,0,0,0,1,0,0,0,1
51.0,148,349.0,0,1,2,0,12.58,4,0.06,0,1,0,0,1,0,0,1,0,0,0,0,1,0,0,0,0,0
383.0,13,250.0,0,8,3,0,17.86,3,0.16,1,0,0,0,1,0,0,0,0,0,0,0,0,1,0,1,0,0
278.0,78,436.94421052631577,0,9,1,0,13.12,3,0.11,0,0,1,1,0,0,0,0,1,1,0,0,0,0,0,1,0,0
414.0,129,560.0,1,4,3,0,7.47,1,0.12,0,0,1,1,0,0,0,0,0,1,0,0,0,0,1,0,0,1
440.0,287,403.0,0,6,2,1,11.09,7,0.17,1,0,0,1,0,0,1,0,0,0,1,0,0,1,0,0,0,1
106.0,175,273.0,0,5,4,1,19.07,5,0.1,0,0,0,0,0,1,1,0,0,0,0,1,0,1,0,0,0,0
354.0,172,126.0,0,9,0,0,11.52,5,0.1,0,1,0,1,0,0,0,1,0,0,0,0,1,0,0,0,1,0
46.0,18,90.0,0,8,2,1,6.87,4,0.03,0,1,0,1,0,0,0,1,0,1,0,0,0,0,0,0,0,1
212.0,77,598.0,0,2,1,1,11.94,6,0.11,0,0,0,0,1,0,1,0,0,1,0,0,0,0,1,1,0,0
95.0,163,289.0,0,5,0,0,5.78,5,0.06,0,0,0,0,0,1,1,0,0,0,0,1,0,0,1,0,0,1
248.90947368421052,157,483.0,1,3,0,1,8.1,2,0.13,1,0,0,1,0,0,1,0,0,0,1,0,1,0,0,1,0,0
152.0,123,633.0,0,5,1,1,7.0,5,0.1,1,0,0,1,0,0,0,0,0,0,0,0,0,1,0,0,1,0
457.0,153,175.0,1,3,4,1,14.21,7,0.13,0,0,0,0,0,0,0,1,0,1,0,0,0,0,0,0,0,0
257.0,149,707.0,0,3,1,1,2.37,1,0.11,0,0,0,0,1,0,0,1,0,0,0,0,0,0,0,1,0,0
161.0,268,450.0,0,3,4,1,12.95,6,0.11,0,0,0,0,1,0,0,1,0,0,1,0,1,0,0,0,0,1
378.0,39,188.0,1,1,1,0,6.77,5,0.07,0,1,0,0,0,1,0,0,0,0,0,0,1,0,0,0,0,0
417.0,261,625.0,0,4,2,0,11.75,1,0.13,0,1,0,1,0,0,0,1,0,0,0,0,0,1,0,1,0,0
261.0,73,351.0,0,3,0,1,9.11,3,0.11,1,0,0,0,1,0,1,0,0,1,0,0,1,0,0,1,0,0
483.0,228,192.0,1,1,0,1,16.26,3,0.14,0,0,0,0,0,1,1,0,0,0,0,1,0,0,1,0,0,1
154.0,268,353.0,0,6,1,1,6.23,1,0.08,0,0,0,0,0,1,1,0,0,0,0,0,0,1,0,1,0,0
445.0,176,251.0,0,6,1,0,18.79,5,0.16,0,0,1,1,0,0,0,0,1,0,0,0,0,0,0,0,0,1
459.0,268,119.0,1,2,1,0,10.24,5,0.12,0,0,1,0,0,1,0,0,0,0,0,0,0,0,1,0,0,1
186.0,42,538.0,0,9,4,1,11.85,2,0.11,0,0,0,0,1,0,0,1,0,0,0,0,0,1,0,0,0,1
167.0,163,196.0,0,7,3,1,7.32,3,0.09,1,0,0,0,0,0,1,0,0,0,1,0,0,0,0,1,0,0
230.0,226,354.0,0,7,3,1,16.61,7,0.13,0,0,1,0,0,0,1,0,0,0,0,0,0,0,0,0,0,0
128.0,288,651.0,0,8,3,1,10.89,3,0.11,0,0,0,0,0,0,1,0,0,0,1,0,0,0,0,0,0,0
385.0,226,486.0,0,2,0,1,14.03,4,0.15,0,0,0,0,0,1,1,0,0,1,0,0,0,0,1,0,0,1
155.0,31,706.0,0,9,4,1,19.62,2,0.14,1,0,0,0,0,1,1,0,0,0,0,0,0,0,0,1,0,0
230.0,256,566.0,0,1,4,1,3.97,7,0.11,0,0,1,0,0,0,0,1,0,0,0,1,0,0,0,0,0,1
53.0,286,65.0,0,0,2,1,14.05,4,0.07,0,0,1,0,0,0,0,0,0,0,0,1,0,1,0,0,0,0
368.0,95,549.0,0,0,4,1,17.58,4,0.18,1,0,0,1,0,0,0,1,0,1,0,0,0,1,0,0,1,0
119.0,124,356.0,0,6,2,1,9.69,4,0.08,0,0,1,0,1,0,1,0,0,0,0,0,0,0,0,0,1,0
125.0,79,635.0,0,5,1,1,6.86,7,0.09,0,0,1,1,0,0,0,0,0,0,0,0,0,0,0,0,0,0
400.0,132,256.0,0,3,1,1,15.67,2,0.16,1,0,0,0,0,0,0,1,0,0,0,0,0,0,1,0,0,1
95.0,214,176.0,0,3,4,0,13.44,5,0.08,0,0,1,0,1,0,0,0,0,1,0,0,0,0,0,0,0,1
248.90947368421052,297,115.0,0,7,0,0,1.34,5,0.05,0,0,0,0,0,0,0,0,1,1,0,0,0,1,0,1,0,0
318.0,270,90.0,0,4,1,0,5.79,4,0.1,0,0,0,0,1,0,0,0,1,0,0,0,0,0,1,1,0,0
341.0,160,611.0,0,1,0,0,12.52,1,0.15,0,0,1,0,0,1,0,0,1,0,1,0,0,0,1,0,0,0
62.0,167,344.0,1,4,3,1,8.56,5,0.06,0,0,0,1,0,0,1,0,0,1,0,0,1,0,0,0,0,0
273.0,10,747.0,1,7,3,1,18.8,1,0.13,0,0,0,1,0,0,0,0,1,0,0,1,0,0,1,0,1,0
94.0,263,425.0,0,7,1,0,18.31,2,0.09,0,1,0,0,0,0,0,0,1,0,0,1,1,0,0,0,1,0
499.0,287,259.0,1,8,1,1,14.91,6,0.15,0,0,1,0,0,0,0,1,0,0,0,1,0,0,1,0,0,0
300.0,114,98.0,1,5,0,1,12.62,1,0.09,0,0,1,1,0,0,1,0,0,0,0,1,0,0,1,0,0,0
64.0,143,209.0,0,5,1,0,13.56,2,0.07,0,0,1,0,0,0,0,0,0,0,0,0,0,1,0,1,0,0
408.0,198,637.0,0,4,0,0,9.24,4,0.15,0,0,0,1,0,0,0,0,1,0,0,0,0,1,0,1,0,0
140.0,159,436.94421052631577,0,6,2,1,13.23,3,0.11,0,0,1,0,0,1,0,0,1,0,0,0,0,0,1,0,0,0
196.0,2,775.0,0,3,2,0,13.49,6,0.12,0,0,0,0,0,1,0,0,0,1,0,0,0,0,1,0,1,0
88.0,225,549.0,1,7,2,1,13.62,4,0.07,0,1,0,1,0,0,0,1,0,1,0,0,0,0,0,0,0,0
108.0,115,214.0,1,1,4,1,1.1,2,0.04,0,0,0,0,0,0,0,0,0,0,0,1,1,0,0,1,0,0
87.0,187,62.0,0,2,0,0,16.11,5,0.07,0,0,0,0,1,0,0,0,1,0,1,0,0,0,1,0,0,1
417.0,22,269.0,0,8,3,0,12.74,1,0.15,1,0,0,0,1,0,0,0,0,0,0,1,0,1,0,0,0,1
58.0,235,69.0,1,9,2,0,1.13,2,0.03,1,0,0,1,0,0,1,0,0,1,0,0,0,0,1,0,1,0
359.0,68,481.0,0,7,1,0,1.66,2,0.12,1,0,0,0,1,0,0,0,1,0,0,1,0,0,1,1,0,0
160.0,267,387.0,0,8,4,0,17.08,4,0.12,0,0,0,1,0,0,0,0,0,0,0,0,1,0,0,1,0,0
379.0,16,475.0,0,0,0,1,18.16,6,0.17,1,0,0,0,1,0,0,0,0,0,0,1,1,0,0,0,0,1
368.0,140,136.0,1,1,0,1,15.35,6,0.11,0,0,1,0,0,1,0,0,0,0,0,0,0,0,1,0,0,0
61.0,74,622.0,1,2,1,1,6.36,2,0.06,0,0,1,0,1,0,1,0,0,1,0,0,0,1,0,0,0,0
205.0,55,390.0,0,3,2,1,5.32,2,0.08,0,0,1,0,0,0,0,1,0,0,0,1,0,0,1,0,1,0
54.0,292,322.0,0,7,0,1,7.37,1,0.05,0,1,0,0,1,0,0,0,1,0,0,0,0,1,0,0,1,0
172.0,263,769.0,0,3,4,1,1.74,5,0.08,0,1,0,1,0,0,0,0,1,1,0,0,0,0,0,0,0,1
127.0,146,620.0,0,5,4,0,13.35,6,0.11,0,0,1,0,0,0,0,0,1,0,0,1,0,0,0,0,0,1
226.0,129,436.94421052631577,0,7,3,0,6.91,1,0.08,0,1,0,0,1,0,1,0,0,0,0,1,0,1,0,0,1,0
248.90947368421052,236,251.0,0,6,2,0,12.82,6,0.11,0,0,1,1,0,0,0,1,0,0,0,0,0,0,0,0,0,1
409.0,189,524.0,0,9,3,0,1.24,2,0.13,0,0,0,0,0,1,0,0,0,0,1,0,0,0,0,0,1,0
415.0,1,646.0,0,8,4,1,5.69,1,0.11,0,1,0,0,0,1,0,0,0,1,0,0,0,0,1,1,0,0
267.0,103,124.0,0,9,0,1,17.22,2,0.11,0,0,0,0,0,0,0,0,1,0,0,0,0,0,0,0,0,0
233.0,198,81.0,0,8,1,0,2.7,4,0.07,0,0,1,0,0,1,0,1,0,1,0,0,0,0,1,0,0,1
89.0,195,444.0,1,8,2,0,8.94,4,0.07,0,0,1,1,0,0,1,0,0,0,0,1,0,1,0,1,0,0
5.0,38,557.0,0,6,3,0,14.57,1,0.08,0,0,0,0,1,0,0,1,0,0,0,0,0,0,0,1,0,0
171.0,250,767.0,0,2,2,1,11.31,5,0.14,1,0,0,0,0,0,1,0,0,1,0,0,0,0,1,0,0,1
185.0,255,566.0,1,6,4,1,7.13,5,0.09,0,0,1,0,1,0,0,1,0,0,1,0,0,0,1,0,1,0
291.0,16,414.0,0,9,1,0,14.77,3,0.1,0,1,0,0,0,1,0,0,1,1,0,0,1,0,0,0,0,1
385.0,208,436.94421052631577,1,5,2,1,8.22,6,0.08,0,1,0,0,1,0,0,1,0,1,0,0,0,1,0,1,0,0
236.0,6,420.0,1,1,0,0,11.54,6,0.09,0,0,0,0,1,0,0,0,0,0,0,1,0,0,1,0,1,0
215.0,257,449.0,0,8,4,1,5.92,4,0.1,0,0,1,0,0,0,0,1,0,0,0,1,0,1,0,0,0,0
304.0,289,332.0,1,6,3,1,12.51,6,0.09,0,1,0,0,0,1,0,0,0,0,0,1,1,0,0,0,0,1
104.0,100,441.0,0,9,3,0,7.65,4,0.08,0,0,1,0,1,0,0,0,0,0,0,1,1,0,0,0,0,0
309.0,230,689.0,1,8,2,0,13.81,5,0.13,0,0,0,0,0,0,0,0,1,0,0,1,0,0,1,0,0,0
322.0,117,609.0,0,5,1,0,5.6,2,0.1,0,1,0,0,0,1,0,0,1,0,1,0,0,1,0,0,0,1
190.0,289,383.0,0,8,3,0,19.21,7,0.11,0,1,0,0,1,0,0,0,1,1,0,0,1,0,0,0,0,1
162.0,85,140.0,0,5,0,0,10.87,2,0.08,0,0,1,0,0,1,0,0,0,0,0,0,0,0,0,1,0,0
272.0,127,687.0,0,4,0,1,15.76,6,0.16,1,0,0,1,0,0,0,1,0,0,0,0,0,1,0,0,0,0
270.0,122,608.0,0,5,4,0,13.72,1,0.14,0,0,0,1,0,0,1,0,0,1,0,0,0,0,1,0,1,0
263.0,157,191.0,0,6,1,0,10.58,6,0.1,0,0,1,1,0,0,0,0,1,0,1,0,1,0,0,0,0,1
253.0,239,773.0,0,8,3,0,13.07,2,0.15,0,0,0,0,0,0,0,0,0,0,1,0,0,0,0,0,0,0
435.0,116,498.0,0,6,0,0,14.37,2,0.16,0,0,0,0,0,0,0,0,0,1,0,0,0,1,0,0,0,1
250.0,280,59.0,0,6,1,1,5.65,6,0.09,1,0,0,1,0,0,0,1,0,1,0,0,0,0,1,0,1,0
490.0,290,490.0,1,0,4,1,16.74,5,0.16,0,0,1,1,0,0,1,0,0,1,0,0,1,0,0,1,0,0
372.0,225,309.0,0,6,3,1,15.28,3,0.15,0,0,1,0,0,1,1,0,0,0,1,0,0,1,0,0,0,1
34.0,4,166.0,1,0,1,1,17.55,1,0.05,0,0,1,0,1,0,0,0,0,0,0,1,0,0,1,1,0,0
35.0,78,210.0,1,6,4,0,15.31,6,0.06,0,0,0,0,0,0,0,0,1,0,0,1,0,1,0,0,0,1
21.0,273,150.0,0,1,2,0,13.12,1,0.07,1,0,0,0,1,0,0,0,1,0,0,1,0,0,1,0,0,0
367.0,30,327.0,1,8,2,0,10.17,4,0.11,0,0,1,0,0,1,0,0,1,0,0,1,1,0,0,1,0,0
416.0,101,84.0,0,6,4,0,14.65,6,0.11,0,1,0,0,0,1,0,1,0,0,1,0,0,0,1,1,0,0
21.0,174,652.0,1,7,1,0,18.1,1,0.09,1,0,0,0,0,1,0,1,0,0,0,1,0,1,0,0,0,1
16.0,215,376.0,0,9,1,0,15.07,4,0.08,0,0,0,0,0,1,1,0,0,0,0,1,0,0,1,0,0,0
36.0,176,180.0,0,9,1,1,1.01,3,0.04,1,0,0,0,1,0,0,0,1,0,0,0,0,0,1,0,0,0
259.0,177,195.0,0,8,1,1,9.59,4,0.11,1,0,0,0,0,1,0,1,0,1,0,0,0,0,1,0,0,1
337.0,237,689.0,1,9,3,1,19.17,3,0.15,0,0,1,0,0,0,0,0,0,0,0,1,0,0,1,1,0,0
368.0,227,783.0,0,2,4,1,17.08,6,0.14,0,1,0,0,1,0,1,0,0,0,0,0,0,0,1,0,1,0
480.0,105,473.0,0,0,0,0,5.99,5,0.16,1,0,0,0,1,0,0,1,0,0,0,1,0,0,0,0,0,0
216.0,19,117.0,0,7,3,1,10.77,6,0.07,0,1,0,1,0,0,0,0,0,0,1,0,0,0,0,0,0,1
258.0,26,135.0,1,5,2,0,4.24,4,0.05,0,1,0,0,1,0,0,1,0,0,0,1,0,0,0,0,1,0
458.0,107,161.0,0,5,2,1,18.92,5,0.16,0,0,1,0,1,0,0,0,0,0,1,0,1,0,0,0,0,0
200.0,40,569.0,0,4,2,1,3.69,1,0.1,1,0,0,0,0,1,0,1,0,0,1,0,0,0,0,1,0,0
103.0,7,436.94421052631577,0,4,3,1,15.85,4,0.12,1,0,0,1,0,0,0,0,1,0,0,0,0,0,1,0,0,1
112.0,94,436.94421052631577,0,2,3,1,9.59,4,0.08,1,0,0,0,1,0,1,0,0,0,1,0,0,0,0,0,1,0
213.0,223,631.0,1,9,3,1,4.39,3,0.09,0,0,1,0,0,0,0,1,0,0,1,0,0,0,0,0,0,0
169.0,187,715.0,0,2,4,0,15.34,3,0.1,0,1,0,0,0,1,0,1,0,0,0,0,1,0,0,0,0,1
445.0,41,315.0,0,9,1,0,10.42,1,0.14,0,0,0,1,0,0,1,0,0,0,1,0,0,1,0,1,0,0
127.0,231,647.0,0,2,0,1,1.39,1,0.08,0,0,1,1,0,0,0,0,0,0,0,0,0,1,0,0,0,0
385.0,244,733.0,0,1,3,0,11.19,6,0.13,0,1,0,1,0,0,0,1,0,0,0,1,0,0,1,1,0,0
441.0,64,525.0,1,3,4,1,12.33,5,0.15,1,0,0,0,0,1,0,0,0,0,0,1,1,0,0,0,0,0
197.0,59,393.0,1,0,3,1,17.2,5,0.1,0,0,0,0,1,0,1,0,0,0,1,0,1,0,0,1,0,0
52.0,145,340.0,0,3,0,1,15.14,1,0.06,0,1,0,0,1,0,1,0,0,0,1,0,1,0,0,0,1,0
38.0,202,543.0,0,3,1,1,2.41,1,0.06,1,0,0,0,1,0,0,1,0,0,0,0,0,0,0,0,0,1
248.90947368421052,135,142.0,0,2,4,1,7.14,7,0.1,0,1,0,0,0,1,0,0,0,0,0,1,1,0,0,0,0,0
239.0,212,614.0,1,2,3,1,11.26,1,0.11,0,0,0,0,0,1,0,0,1,1,0,0,1,0,0,0,1,0
383.0,286,478.0,1,1,2,1,13.36,5,0.15,1,0,0,0,0,0,0,1,0,0,0,1,0,0,1,0,0,0
177.0,237,523.0,0,3,0,0,2.64,3,0.09,0,0,1,1,0,0,0,0,0,1,0,0,0,0,0,0,1,0
178.0,192,541.0,0,8,0,1,9.83,5,0.08,0,1,0,0,0,0,0,1,0,0,1,0,0,0,0,1,0,0
99.0,59,414.0,1,4,1,0,12.69,1,0.07,0,0,0,1,0,0,0,0,0,0,1,0,0,0,1,0,1,0
426.0,278,72.0,0,8,4,1,1.93,7,0.11,0,0,0,0,1,0,0,0,0,0,0,0,0,0,0,1,0,0
115.0,174,788.0,0,6,4,1,19.06,5,0.13,0,0,1,0,0,1,0,0,0,0,0,0,0,0,1,0,0,1
335.0,115,487.0,1,7,1,0,19.86,6,0.13,0,0,1,0,0,0,0,0,1,0,0,1,0,0,1,0,0,1
298.0,101,777.0,0,1,1,0,4.74,6,0.12,0,0,1,1,0,0,1,0,0,1,0,0,0,0,1,0,1,0
134.0,292,564.0,1,2,3,1,11.97,5,0.1,1,0,0,0,0,0,0,0,1,0,1,0,0,0,1,0,0,1
480.0,85,252.0,0,3,1,0,5.43,6,0.13,0,0,1,0,1,0,0,1,0,0,0,1,1,0,0,1,0,0
53.0,155,498.0,0,0,3,1,18.63,5,0.08,0,1,0,0,1,0,0,0,1,0,1,0,1,0,0,0,0,0
499.0,41,514.0,1,6,4,0,4.14,3,0.13,0,0,1,1,0,0,0,0,0,0,0,0,0,1,0,0,0,1
191.0,65,479.0,0,3,2,0,14.26,2,0.09,0,1,0,0,0,1,1,0,0,0,0,1,0,1,0,0,0,1
171.0,180,440.0,0,6,2,1,19.23,4,0.12,0,0,1,0,1,0,0,1,0,0,1,0,0,0,1,1,0,0
308.0,14,615.0,0,6,2,1,3.41,2,0.09,0,1,0,0,0,1,1,0,0,1,0,0,0,1,0,0,0,0
143.0,72,269.0,0,0,3,1,9.39,3,0.06,0,1,0,0,0,0,0,1,0,0,1,0,0,1,0,0,0,1
45.0,284,424.0,0,4,2,0,13.45,1,0.07,0,1,0,0,0,1,0,0,0,0,1,0,0,0,0,0,0,0
61.0,81,681.0,1,2,3,0,15.98,3,0.09,0,0,0,0,1,0,1,0,0,0,1,0,0,0,0,0,0,1
186.0,10,603.0,0,2,2,0,15.73,1,0.13,1,0,0,0,1,0,0,1,0,0,0,1,0,0,1,0,1,0
185.0,148,371.0,1,6,4,1,17.57,3,0.1,0,0,1,0,1,0,0,1,0,0,0,1,0,1,0,0,0,1
248.90947368421052,119,362.0,0,3,1,1,12.77,1,0.13,0,0,0,0,0,0,0,1,0,0,0,1,0,0,0,0,0,1
419.0,224,322.0,0,8,1,1,1.43,5,0.12,0,0,0,0,0,0,0,1,0,1,0,0,1,0,0,0,0,1
468.0,272,484.0,0,8,0,0,17.41,7,0.18,0,0,0,0,0,1,0,0,0,0,0,0,0,0,0,0,0,1
403.0,269,703.0,0,7,2,1,8.85,7,0.16,0,0,1,0,1,0,1,0,0,0,0,0,0,1,0,0,0,0
322.0,52,111.0,1,0,2,1,5.21,4,0.06,0,1,0,0,0,0,0,0,1,1,0,0,0,0,1,1,0,0
475.0,182,245.0,0,1,4,1,18.71,1,0.14,0,1,0,0,0,1,1,0,0,0,1,0,0,1,0,0,1,0
360.0,11,108.0,0,5,4,1,19.74,2,0.14,0,0,1,1,0,0,1,0,0,0,0,0,0,1,0,1,0,0
97.0,142,308.0,0,4,4,1,3.23,6,0.06,0,0,0,0,0,0,0,0,1,1,0,0,1,0,0,1,0,0
22.0,4,436.0,1,4,4,0,5.91,4,0.03,0,1,0,0,0,1,0,0,1,1,0,0,0,0,1,0,1,0
344.0,55,753.0,0,5,2,0,7.51,3,0.14,0,0,0,0,0,1,0,0,1,0,0,0,0,0,0,0,0,0
9.0,159,345.0,0,3,0,0,19.85,4,0.09,1,0,0,0,1,0,0,1,0,0,0,1,1,0,0,0,0,1
90.0,241,624.0,0,1,0,1,7.97,2,0.09,0,0,1,0,1,0,0,1,0,0,1,0,1,0,0,1,0,0
201.0,119,247.0,1,0,1,1,3.9,3,0.07,1,0,0,0,1,0,0,0,1,1,0,0,0,0,1,0,1,0
303.0,65,239.0,0,0,0,0,14.54,3,0.09,0,1,0,0,0,0,0,0,1,0,0,0,0,0,1,0,0,1
1.0,98,232.0,0,0,2,0,3.39,1,0.02,0,1,0,1,0,0,1,0,0,0,1,0,0,0,0,0,0,0
476.0,216,685.0,0,3,2,1,10.89,4,0.14,0,1,0,0,0,1,0,1,0,1,0,0,1,0,0,0,0,1
147.0,13,719.0,1,8,1,1,5.18,5,0.08,0,0,1,0,0,1,0,1,0,0,1,0,0,1,0,1,0,0
248.90947368421052,284,713.0,0,9,2,0,4.75,3,0.09,0,1,0,0,0,1,0,0,0,0,1,0,1,0,0,0,1,0
279.0,150,514.0,0,0,3,0,14.06,7,0.13,0,0,0,0,0,0,0,0,1,1,0,0,0,0,1,0,0,0
251.0,36,759.0,1,8,2,0,4.49,3,0.08,0,1,0,0,1,0,0,1,0,0,0,1,1,0,0,0,1,0
117.0,68,651.0,1,5,3,0,19.2,3,0.11,1,0,0,1,0,0,0,0,0,1,0,0,0,0,0,0,1,0
149.0,38,363.0,0,2,4,1,19.29,4,0.12,1,0,0,1,0,0,0,1,0,0,0,1,0,1,0,0,0,1
100.0,114,436.94421052631577,0,4,4,1,11.9,6,0.09,0,0,0,0,1,0,0,0,1,1,0,0,1,0,0,0,0,1
385.0,147,436.94421052631577,1,7,3,0,15.45,3,0.12,0,0,0,0,0,1,0,0,0,0,1,0,1,0,0,0,1,0
455.0,28,127.0,0,1,3,1,5.11,2,0.09,0,1,0,0,0,0,0,0,0,0,0,1,0,0,1,0,0,1
386.0,71,75.0,0,2,0,1,9.52,6,0.11,0,0,1,0,0,1,1,0,0,0,0,1,1,0,0,1,0,0
300.0,104,653.0,1,7,3,1,18.36,5,0.11,0,1,0,1,0,0,0,0,0,0,0,1,0,0,0,1,0,0
263.0,250,596.0,0,9,0,0,2.33,1,0.12,1,0,0,1,0,0,1,0,0,0,1,0,0,0,0,0,1,0
269.0,97,96.0,0,6,1,0,1.46,4,0.08,1,0,0,1,0,0,0,0,1,1,0,0,0,0,1,0,0,0
